base_tool,tool,param_set,sample,n_pred,n_truth,TP,FP,FN,precision,recall,F1,bray_curtis,pearson,spearman,rank,truth_mode
EsViritu,esviritu,sense,mock_comb1,26,26,26,0,0,1,1,1,0.10413064426190904,0.9652269884192379,0.9051119981831469,family,strict
EsViritu,esviritu,sense,mock_comb2,28,27,27,1,0,0.9642857142857143,1,0.9818181818181818,0.1670036933358792,0.9152004173728081,0.8111658456486042,family,strict
EsViritu,esviritu,sense,mock_comb3,26,25,25,1,0,0.9615384615384616,1,0.9803921568627451,0.14253738899831772,0.930216887458918,0.8992990386179359,family,strict
EsViritu,esviritu,sense,mock_comb_fam1,60,60,60,0,0,1,1,1,0.193548257101806,0.9216389558644693,0.6218052979184053,family,strict
EsViritu,esviritu,sense,mock_comb_fam2,60,60,60,0,0,1,1,1,0.17784482657017928,0.9338200516222177,0.7498054369453647,family,strict
EsViritu,esviritu,sense,mock_comb_fam3,60,60,60,0,0,1,1,1,0.18922859965722072,0.8882327293609006,0.7046291650215379,family,strict
EsViritu,esviritu,sr,mock_comb1,24,26,24,0,2,1,0.9230769230769231,0.9600000000000001,0.17688710143462524,0.9027618308726629,0.8632010943912448,family,strict
EsViritu,esviritu,sr,mock_comb2,25,27,25,0,2,1,0.9259259259259259,0.9615384615384615,0.27876775760599576,0.7626030801216929,0.6631048772112602,family,strict
EsViritu,esviritu,sr,mock_comb3,25,25,25,0,0,1,1,1,0.22068104062365182,0.8462705120381939,0.6737206617929973,family,strict
EsViritu,esviritu,sr,mock_comb_fam1,51,60,51,0,9,1,0.85,0.9189189189189189,0.31351579294120074,0.804145638689697,0.499367217785849,family,strict
EsViritu,esviritu,sr,mock_comb_fam2,53,60,53,0,7,1,0.8833333333333333,0.9380530973451328,0.2756050392824181,0.8973302906993209,0.5275047904485489,family,strict
EsViritu,esviritu,sr,mock_comb_fam3,50,60,50,0,10,1,0.8333333333333334,0.9090909090909091,0.30433917179589504,0.7721235207586481,0.48091196261189495,family,strict
Centrifuger,centrifuger,mhl100_ms0,mock_comb1,18,26,18,0,8,1,0.6923076923076923,0.8181818181818181,0.4755360100776514,0.4749475232936647,0.42155279869077344,family,strict
Centrifuger,centrifuger,mhl100_ms0,mock_comb2,20,27,19,1,8,0.95,0.7037037037037037,0.8085106382978724,0.6249660091847739,0.10348201316957535,0.23952925404082426,family,strict
Centrifuger,centrifuger,mhl100_ms0,mock_comb3,22,25,22,0,3,1,0.88,0.9361702127659575,0.5052791166968141,0.2393799709716712,0.2687199678094249,family,strict
Centrifuger,centrifuger,mhl100_ms0,mock_comb_fam1,27,60,27,0,33,1,0.45,0.6206896551724138,0.5665622189995306,0.5000487146783271,0.17878650819877204,family,strict
Centrifuger,centrifuger,mhl100_ms0,mock_comb_fam2,25,60,25,0,35,1,0.4166666666666667,0.5882352941176471,0.5286309495984526,0.4762689405054539,0.3983298130280776,family,strict
Centrifuger,centrifuger,mhl100_ms0,mock_comb_fam3,25,60,25,0,35,1,0.4166666666666667,0.5882352941176471,0.675121661180643,0.12919625191159917,-0.016886950310508863,family,strict
Centrifuger,centrifuger,mhl100_ms100,mock_comb1,18,26,18,0,8,1,0.6923076923076923,0.8181818181818181,0.4755360100776514,0.4749475232936647,0.42155279869077344,family,strict
Centrifuger,centrifuger,mhl100_ms100,mock_comb2,20,27,19,1,8,0.95,0.7037037037037037,0.8085106382978724,0.6249660091847739,0.10348201316957535,0.23952925404082426,family,strict
Centrifuger,centrifuger,mhl100_ms100,mock_comb3,22,25,22,0,3,1,0.88,0.9361702127659575,0.5052791166968141,0.2393799709716712,0.2687199678094249,family,strict
Centrifuger,centrifuger,mhl100_ms100,mock_comb_fam1,27,60,27,0,33,1,0.45,0.6206896551724138,0.5665622189995306,0.5000487146783271,0.17878650819877204,family,strict
Centrifuger,centrifuger,mhl100_ms100,mock_comb_fam2,25,60,25,0,35,1,0.4166666666666667,0.5882352941176471,0.5286309495984526,0.4762689405054539,0.3983298130280776,family,strict
Centrifuger,centrifuger,mhl100_ms100,mock_comb_fam3,25,60,25,0,35,1,0.4166666666666667,0.5882352941176471,0.675121661180643,0.12919625191159917,-0.016886950310508863,family,strict
Centrifuger,centrifuger,mhl100_ms500,mock_comb1,18,26,18,0,8,1,0.6923076923076923,0.8181818181818181,0.4755360100776514,0.4749475232936647,0.42155279869077344,family,strict
Centrifuger,centrifuger,mhl100_ms500,mock_comb2,20,27,19,1,8,0.95,0.7037037037037037,0.8085106382978724,0.6249660091847739,0.10348201316957535,0.23952925404082426,family,strict
Centrifuger,centrifuger,mhl100_ms500,mock_comb3,22,25,22,0,3,1,0.88,0.9361702127659575,0.5052791166968141,0.2393799709716712,0.2687199678094249,family,strict
Centrifuger,centrifuger,mhl100_ms500,mock_comb_fam1,27,60,27,0,33,1,0.45,0.6206896551724138,0.5665622189995306,0.5000487146783271,0.17878650819877204,family,strict
Centrifuger,centrifuger,mhl100_ms500,mock_comb_fam2,25,60,25,0,35,1,0.4166666666666667,0.5882352941176471,0.5286309495984526,0.4762689405054539,0.3983298130280776,family,strict
Centrifuger,centrifuger,mhl100_ms500,mock_comb_fam3,25,60,25,0,35,1,0.4166666666666667,0.5882352941176471,0.675121661180643,0.12919625191159917,-0.016886950310508863,family,strict
Centrifuger,centrifuger,mhl50_ms0,mock_comb1,25,26,24,1,2,0.96,0.9230769230769231,0.9411764705882353,0.5842320556064913,0.5726589502433509,0.7804580152671754,family,strict
Centrifuger,centrifuger,mhl50_ms0,mock_comb2,24,27,23,1,4,0.9583333333333334,0.8518518518518519,0.9019607843137256,0.6439225139486974,0.29215296750259007,0.3888740290835748,family,strict
Centrifuger,centrifuger,mhl50_ms0,mock_comb3,26,25,24,2,1,0.9230769230769231,0.96,0.9411764705882353,0.6020560275375396,0.4338316458343248,0.5618320872598148,family,strict
Centrifuger,centrifuger,mhl50_ms0,mock_comb_fam1,39,60,39,0,21,1,0.65,0.787878787878788,0.6122805868935594,0.4141704584837272,0.2704864426319672,family,strict
Centrifuger,centrifuger,mhl50_ms0,mock_comb_fam2,40,60,40,0,20,1,0.6666666666666666,0.8,0.6979586970026888,0.2152644950377963,0.40411944821773754,family,strict
Centrifuger,centrifuger,mhl50_ms0,mock_comb_fam3,43,60,43,0,17,1,0.7166666666666667,0.8349514563106796,0.55571969898824,0.5370138835013101,0.25226132315839533,family,strict
Centrifuger,centrifuger,mhl50_ms100,mock_comb1,25,26,24,1,2,0.96,0.9230769230769231,0.9411764705882353,0.5842320556064913,0.5726589502433509,0.7804580152671754,family,strict
Centrifuger,centrifuger,mhl50_ms100,mock_comb2,24,27,23,1,4,0.9583333333333334,0.8518518518518519,0.9019607843137256,0.6439225139486974,0.29215296750259007,0.3888740290835748,family,strict
Centrifuger,centrifuger,mhl50_ms100,mock_comb3,26,25,24,2,1,0.9230769230769231,0.96,0.9411764705882353,0.6020560275375396,0.4338316458343248,0.5618320872598148,family,strict
Centrifuger,centrifuger,mhl50_ms100,mock_comb_fam1,39,60,39,0,21,1,0.65,0.787878787878788,0.6122805868935594,0.4141704584837272,0.2704864426319672,family,strict
Centrifuger,centrifuger,mhl50_ms100,mock_comb_fam2,40,60,40,0,20,1,0.6666666666666666,0.8,0.6979586970026888,0.2152644950377963,0.40411944821773754,family,strict
Centrifuger,centrifuger,mhl50_ms100,mock_comb_fam3,43,60,43,0,17,1,0.7166666666666667,0.8349514563106796,0.55571969898824,0.5370138835013101,0.25226132315839533,family,strict
Centrifuger,centrifuger,mhl50_ms500,mock_comb1,25,26,24,1,2,0.96,0.9230769230769231,0.9411764705882353,0.5842320556064913,0.5726589502433509,0.7804580152671754,family,strict
Centrifuger,centrifuger,mhl50_ms500,mock_comb2,24,27,23,1,4,0.9583333333333334,0.8518518518518519,0.9019607843137256,0.6439225139486974,0.29215296750259007,0.3888740290835748,family,strict
Centrifuger,centrifuger,mhl50_ms500,mock_comb3,26,25,24,2,1,0.9230769230769231,0.96,0.9411764705882353,0.6020560275375396,0.4338316458343248,0.5618320872598148,family,strict
Centrifuger,centrifuger,mhl50_ms500,mock_comb_fam1,39,60,39,0,21,1,0.65,0.787878787878788,0.6122805868935594,0.4141704584837272,0.2704864426319672,family,strict
Centrifuger,centrifuger,mhl50_ms500,mock_comb_fam2,40,60,40,0,20,1,0.6666666666666666,0.8,0.6979586970026888,0.2152644950377963,0.40411944821773754,family,strict
Centrifuger,centrifuger,mhl50_ms500,mock_comb_fam3,43,60,43,0,17,1,0.7166666666666667,0.8349514563106796,0.55571969898824,0.5370138835013101,0.25226132315839533,family,strict
Centrifuger,centrifuger,mhlauto_ms0,mock_comb1,47,26,26,21,0,0.5531914893617021,1,0.7123287671232876,0.6652385148473066,0.3057000975101482,0.6155373483241217,family,strict
Centrifuger,centrifuger,mhlauto_ms0,mock_comb2,47,27,27,20,0,0.574468085106383,1,0.7297297297297298,0.7752646959332291,0.10567627951379223,0.3582324982616568,family,strict
Centrifuger,centrifuger,mhlauto_ms0,mock_comb3,46,25,25,21,0,0.5434782608695652,1,0.704225352112676,0.7130134527631293,0.27078036479828493,0.47746332413239173,family,strict
Centrifuger,centrifuger,mhlauto_ms0,mock_comb_fam1,59,60,59,0,1,1,0.9833333333333333,0.9915966386554621,0.654935227672458,0.19416156526982556,0.33358810112834936,family,strict
Centrifuger,centrifuger,mhlauto_ms0,mock_comb_fam2,60,60,60,0,0,1,1,1,0.7145721480794877,0.03720915601147822,0.24983673479991694,family,strict
Centrifuger,centrifuger,mhlauto_ms0,mock_comb_fam3,60,60,60,0,0,1,1,1,0.6842738210086964,0.0776882317817,0.3592968404544887,family,strict
Centrifuger,centrifuger,mhlauto_ms100,mock_comb1,41,26,26,15,0,0.6341463414634146,1,0.7761194029850745,0.6120450022531561,0.5372107057363625,0.6944452643696039,family,strict
Centrifuger,centrifuger,mhlauto_ms100,mock_comb2,42,27,27,15,0,0.6428571428571429,1,0.782608695652174,0.7554272244065819,0.3423630486775338,0.3319856684365823,family,strict
Centrifuger,centrifuger,mhlauto_ms100,mock_comb3,43,25,25,18,0,0.5813953488372093,1,0.7352941176470588,0.6911839060678027,0.4517636042444107,0.5861499513241053,family,strict
Centrifuger,centrifuger,mhlauto_ms100,mock_comb_fam1,59,60,59,0,1,1,0.9833333333333333,0.9915966386554621,0.6311679962526853,0.30396667876479144,0.35956087214787025,family,strict
Centrifuger,centrifuger,mhlauto_ms100,mock_comb_fam2,58,60,58,0,2,1,0.9666666666666667,0.983050847457627,0.7078160642281172,0.01820871255800787,0.42636801304184535,family,strict
Centrifuger,centrifuger,mhlauto_ms100,mock_comb_fam3,60,60,60,0,0,1,1,1,0.6685785953963215,0.24681697862271668,0.5256326633467531,family,strict
Centrifuger,centrifuger,mhlauto_ms500,mock_comb1,27,26,24,3,2,0.8888888888888888,0.9230769230769231,0.9056603773584906,0.5692125716519265,0.6091373560357244,0.6655984677905117,family,strict
Centrifuger,centrifuger,mhlauto_ms500,mock_comb2,33,27,26,7,1,0.7878787878787878,0.9629629629629629,0.8666666666666665,0.6948760161058322,0.40930633112491066,0.27315519836019464,family,strict
Centrifuger,centrifuger,mhlauto_ms500,mock_comb3,33,25,25,8,0,0.7575757575757576,1,0.8620689655172413,0.6118467015641538,0.5568568639502027,0.5742442776110992,family,strict
Centrifuger,centrifuger,mhlauto_ms500,mock_comb_fam1,50,60,50,0,10,1,0.8333333333333334,0.9090909090909091,0.6178182989301967,0.4272288517538174,0.4316010933666355,family,strict
Centrifuger,centrifuger,mhlauto_ms500,mock_comb_fam2,50,60,50,0,10,1,0.8333333333333334,0.9090909090909091,0.6959320677243356,0.12187182465506818,0.42044078129011975,family,strict
Centrifuger,centrifuger,mhlauto_ms500,mock_comb_fam3,51,60,51,0,9,1,0.85,0.9189189189189189,0.6160426126824503,0.4558871933630967,0.407762003699876,family,strict
Kraken2,kraken2,conf0.2_mhg2,mock_comb1,25,26,24,1,2,0.96,0.9230769230769231,0.9411764705882353,0.2636176619024443,0.8074713509035192,0.7992057148998609,family,strict
Kraken2,kraken2,conf0.2_mhg2,mock_comb2,21,27,20,1,7,0.9523809523809523,0.7407407407407407,0.8333333333333334,0.3959962967653368,0.5785601317142213,0.46532950670697554,family,strict
Kraken2,kraken2,conf0.2_mhg2,mock_comb3,25,25,24,1,1,0.96,0.96,0.96,0.3099721294192967,0.740365862745272,0.5898050293843176,family,strict
Kraken2,kraken2,conf0.2_mhg2,mock_comb_fam1,41,60,41,0,19,1,0.6833333333333333,0.8118811881188119,0.45001646879190166,0.5143403902117366,0.28108014222427996,family,strict
Kraken2,kraken2,conf0.2_mhg2,mock_comb_fam2,40,60,40,0,20,1,0.6666666666666666,0.8,0.30523873174960564,0.8708760803807967,0.4524159890359879,family,strict
Kraken2,kraken2,conf0.2_mhg2,mock_comb_fam3,39,60,39,0,21,1,0.65,0.787878787878788,0.5222078774819832,0.41980229988342393,0.1837745889970303,family,strict
Kraken2,kraken2,conf0.2_mhg3,mock_comb1,25,26,24,1,2,0.96,0.9230769230769231,0.9411764705882353,0.2636176619024443,0.8074713509035192,0.7992057148998609,family,strict
Kraken2,kraken2,conf0.2_mhg3,mock_comb2,21,27,20,1,7,0.9523809523809523,0.7407407407407407,0.8333333333333334,0.3959962967653368,0.5785601317142213,0.46532950670697554,family,strict
Kraken2,kraken2,conf0.2_mhg3,mock_comb3,25,25,24,1,1,0.96,0.96,0.96,0.3099721294192967,0.740365862745272,0.5898050293843176,family,strict
Kraken2,kraken2,conf0.2_mhg3,mock_comb_fam1,41,60,41,0,19,1,0.6833333333333333,0.8118811881188119,0.45001646879190166,0.5143403902117366,0.28108014222427996,family,strict
Kraken2,kraken2,conf0.2_mhg3,mock_comb_fam2,40,60,40,0,20,1,0.6666666666666666,0.8,0.30523873174960564,0.8708760803807967,0.4524159890359879,family,strict
Kraken2,kraken2,conf0.2_mhg3,mock_comb_fam3,39,60,39,0,21,1,0.65,0.787878787878788,0.5222078774819832,0.41980229988342393,0.1837745889970303,family,strict
Kraken2,kraken2,conf0.2_mhg5,mock_comb1,25,26,24,1,2,0.96,0.9230769230769231,0.9411764705882353,0.2636176619024443,0.8074713509035192,0.7992057148998609,family,strict
Kraken2,kraken2,conf0.2_mhg5,mock_comb2,21,27,20,1,7,0.9523809523809523,0.7407407407407407,0.8333333333333334,0.3959962967653368,0.5785601317142213,0.46532950670697554,family,strict
Kraken2,kraken2,conf0.2_mhg5,mock_comb3,25,25,24,1,1,0.96,0.96,0.96,0.3099721294192967,0.740365862745272,0.5898050293843176,family,strict
Kraken2,kraken2,conf0.2_mhg5,mock_comb_fam1,41,60,41,0,19,1,0.6833333333333333,0.8118811881188119,0.45001646879190166,0.5143403902117366,0.28108014222427996,family,strict
Kraken2,kraken2,conf0.2_mhg5,mock_comb_fam2,40,60,40,0,20,1,0.6666666666666666,0.8,0.30523873174960564,0.8708760803807967,0.4524159890359879,family,strict
Kraken2,kraken2,conf0.2_mhg5,mock_comb_fam3,39,60,39,0,21,1,0.65,0.787878787878788,0.5222078774819832,0.41980229988342393,0.1837745889970303,family,strict
Kraken2,kraken2,conf0.5_mhg2,mock_comb1,19,26,19,0,7,1,0.7307692307692307,0.8444444444444443,0.5094414940541304,0.5495065642693283,0.4371751301872131,family,strict
Kraken2,kraken2,conf0.5_mhg2,mock_comb2,19,27,19,0,8,1,0.7037037037037037,0.8260869565217391,0.5932405888992344,0.16163681149579812,0.2845014207076432,family,strict
Kraken2,kraken2,conf0.5_mhg2,mock_comb3,23,25,23,0,2,1,0.92,0.9583333333333334,0.47576809693374117,0.3407948805789849,0.33012517535326913,family,strict
Kraken2,kraken2,conf0.5_mhg2,mock_comb_fam1,29,60,29,0,31,1,0.48333333333333334,0.6516853932584269,0.6303223111282498,0.5059124519602832,0.12427471625824471,family,strict
Kraken2,kraken2,conf0.5_mhg2,mock_comb_fam2,27,60,27,0,33,1,0.45,0.6206896551724138,0.5322013699537084,0.6098552665831399,0.44280042322002783,family,strict
Kraken2,kraken2,conf0.5_mhg2,mock_comb_fam3,27,60,27,0,33,1,0.45,0.6206896551724138,0.7404027447806215,0.13712521966157282,-0.01674275831384961,family,strict
Kraken2,kraken2,conf0.5_mhg3,mock_comb1,19,26,19,0,7,1,0.7307692307692307,0.8444444444444443,0.5094414940541304,0.5495065642693283,0.4371751301872131,family,strict
Kraken2,kraken2,conf0.5_mhg3,mock_comb2,19,27,19,0,8,1,0.7037037037037037,0.8260869565217391,0.5932405888992344,0.16163681149579812,0.2845014207076432,family,strict
Kraken2,kraken2,conf0.5_mhg3,mock_comb3,23,25,23,0,2,1,0.92,0.9583333333333334,0.47576809693374117,0.3407948805789849,0.33012517535326913,family,strict
Kraken2,kraken2,conf0.5_mhg3,mock_comb_fam1,29,60,29,0,31,1,0.48333333333333334,0.6516853932584269,0.6303223111282498,0.5059124519602832,0.12427471625824471,family,strict
Kraken2,kraken2,conf0.5_mhg3,mock_comb_fam2,27,60,27,0,33,1,0.45,0.6206896551724138,0.5322013699537084,0.6098552665831399,0.44280042322002783,family,strict
Kraken2,kraken2,conf0.5_mhg3,mock_comb_fam3,27,60,27,0,33,1,0.45,0.6206896551724138,0.7404027447806215,0.13712521966157282,-0.01674275831384961,family,strict
Kraken2,kraken2,conf0.5_mhg5,mock_comb1,19,26,19,0,7,1,0.7307692307692307,0.8444444444444443,0.5094414940541304,0.5495065642693283,0.4371751301872131,family,strict
Kraken2,kraken2,conf0.5_mhg5,mock_comb2,19,27,19,0,8,1,0.7037037037037037,0.8260869565217391,0.5932405888992344,0.16163681149579812,0.2845014207076432,family,strict
Kraken2,kraken2,conf0.5_mhg5,mock_comb3,23,25,23,0,2,1,0.92,0.9583333333333334,0.47576809693374117,0.3407948805789849,0.33012517535326913,family,strict
Kraken2,kraken2,conf0.5_mhg5,mock_comb_fam1,29,60,29,0,31,1,0.48333333333333334,0.6516853932584269,0.6303223111282498,0.5059124519602832,0.12427471625824471,family,strict
Kraken2,kraken2,conf0.5_mhg5,mock_comb_fam2,27,60,27,0,33,1,0.45,0.6206896551724138,0.5322013699537084,0.6098552665831399,0.44280042322002783,family,strict
Kraken2,kraken2,conf0.5_mhg5,mock_comb_fam3,27,60,27,0,33,1,0.45,0.6206896551724138,0.7404027447806215,0.13712521966157282,-0.01674275831384961,family,strict
Kraken2,kraken2,conf0_mhg2,mock_comb1,31,26,26,5,0,0.8387096774193549,1,0.9122807017543859,0.46648663246016747,0.9406400768318309,0.8936741016362262,family,strict
Kraken2,kraken2,conf0_mhg2,mock_comb2,33,27,26,7,1,0.7878787878787878,0.9629629629629629,0.8666666666666665,0.6041977107648973,0.6018598333154744,0.5050302010131464,family,strict
Kraken2,kraken2,conf0_mhg2,mock_comb3,35,25,25,10,0,0.7142857142857143,1,0.8333333333333333,0.5511631502897879,0.8453064221563579,0.781167335234092,family,strict
Kraken2,kraken2,conf0_mhg2,mock_comb_fam1,57,60,57,0,3,1,0.95,0.9743589743589743,0.5583537743987592,0.5631307088720399,0.471599517489589,family,strict
Kraken2,kraken2,conf0_mhg2,mock_comb_fam2,57,60,57,0,3,1,0.95,0.9743589743589743,0.5695382989402554,0.3760547449879967,0.6142257553436917,family,strict
Kraken2,kraken2,conf0_mhg2,mock_comb_fam3,60,60,60,0,0,1,1,1,0.601594272680071,0.19854345005773816,0.666314596311731,family,strict
Kraken2,kraken2,conf0_mhg3,mock_comb1,28,26,26,2,0,0.9285714285714286,1,0.962962962962963,0.41828377481000517,0.9704893927104833,0.8622861134866896,family,strict
Kraken2,kraken2,conf0_mhg3,mock_comb2,30,27,26,4,1,0.8666666666666667,0.9629629629629629,0.912280701754386,0.48803618325065645,0.8741638761493243,0.6374282402704682,family,strict
Kraken2,kraken2,conf0_mhg3,mock_comb3,31,25,25,6,0,0.8064516129032258,1,0.8928571428571428,0.4520242446538344,0.8954980236539719,0.8584491756195336,family,strict
Kraken2,kraken2,conf0_mhg3,mock_comb_fam1,54,60,54,0,6,1,0.9,0.9473684210526316,0.5075257212938185,0.6896625762253255,0.519348741882055,family,strict
Kraken2,kraken2,conf0_mhg3,mock_comb_fam2,56,60,56,0,4,1,0.9333333333333333,0.9655172413793104,0.5257279246927431,0.6435114189605691,0.5857041602845192,family,strict
Kraken2,kraken2,conf0_mhg3,mock_comb_fam3,57,60,57,0,3,1,0.95,0.9743589743589743,0.5576282038237894,0.24602662550344262,0.5785091808718008,family,strict
Kraken2,kraken2,conf0_mhg5,mock_comb1,27,26,25,2,1,0.9259259259259259,0.9615384615384616,0.9433962264150944,0.4176520994001714,0.9316660662173537,0.8501575844402116,family,strict
Kraken2,kraken2,conf0_mhg5,mock_comb2,27,27,25,2,2,0.9259259259259259,0.9259259259259259,0.9259259259259259,0.5353873239436622,0.8066034786307402,0.587829514658783,family,strict
Kraken2,kraken2,conf0_mhg5,mock_comb3,30,25,25,5,0,0.8333333333333334,1,0.9090909090909091,0.4729958827803342,0.8536500612976392,0.809109680300341,family,strict
Kraken2,kraken2,conf0_mhg5,mock_comb_fam1,51,60,51,0,9,1,0.85,0.9189189189189189,0.511003990935593,0.7342437303185861,0.4346597070496151,family,strict
Kraken2,kraken2,conf0_mhg5,mock_comb_fam2,53,60,53,0,7,1,0.8833333333333333,0.9380530973451328,0.49212021888417934,0.8718518008251609,0.5291991929621385,family,strict
Kraken2,kraken2,conf0_mhg5,mock_comb_fam3,51,60,51,0,9,1,0.85,0.9189189189189189,0.4800018083426974,0.7395190172799005,0.4846166591468972,family,strict
Metabuli,metabuli,prec0_ms0.15_ptax10239,mock_comb1,28,26,25,3,1,0.8928571428571429,0.9615384615384616,0.9259259259259259,0.4661718273545045,0.9209849425662442,0.7967962079298854,family,strict
Metabuli,metabuli,prec0_ms0.15_ptax10239,mock_comb2,32,27,26,6,1,0.8125,0.9629629629629629,0.8813559322033898,0.5489941596365996,0.8022675163107076,0.44530287004991276,family,strict
Metabuli,metabuli,prec0_ms0.15_ptax10239,mock_comb3,31,25,25,6,0,0.8064516129032258,1,0.8928571428571428,0.48709418088159323,0.8434943658371507,0.7399621430110384,family,strict
Metabuli,metabuli,prec0_ms0.15_ptax10239,mock_comb_fam1,55,60,55,0,5,1,0.9166666666666666,0.9565217391304348,0.5273815186641584,0.5361949005446454,0.492970542649167,family,strict
Metabuli,metabuli,prec0_ms0.15_ptax10239,mock_comb_fam2,51,60,51,0,9,1,0.85,0.9189189189189189,0.5246427833001508,0.6900048379201498,0.5578678604487195,family,strict
Metabuli,metabuli,prec0_ms0.15_ptax10239,mock_comb_fam3,53,60,53,0,7,1,0.8833333333333333,0.9380530973451328,0.5699216503441379,0.39647072945467676,0.5254111064505017,family,strict
Metabuli,metabuli,prec0_ms0.15_ptaxnone,mock_comb1,28,26,25,3,1,0.8928571428571429,0.9615384615384616,0.9259259259259259,0.4661718273545045,0.9209849425662442,0.7967962079298854,family,strict
Metabuli,metabuli,prec0_ms0.15_ptaxnone,mock_comb2,32,27,26,6,1,0.8125,0.9629629629629629,0.8813559322033898,0.5489941596365996,0.8022675163107076,0.44530287004991276,family,strict
Metabuli,metabuli,prec0_ms0.15_ptaxnone,mock_comb3,31,25,25,6,0,0.8064516129032258,1,0.8928571428571428,0.48709418088159323,0.8434943658371507,0.7399621430110384,family,strict
Metabuli,metabuli,prec0_ms0.15_ptaxnone,mock_comb_fam1,55,60,55,0,5,1,0.9166666666666666,0.9565217391304348,0.5273815186641584,0.5361949005446454,0.492970542649167,family,strict
Metabuli,metabuli,prec0_ms0.15_ptaxnone,mock_comb_fam2,51,60,51,0,9,1,0.85,0.9189189189189189,0.5246427833001508,0.6900048379201498,0.5578678604487195,family,strict
Metabuli,metabuli,prec0_ms0.15_ptaxnone,mock_comb_fam3,53,60,53,0,7,1,0.8833333333333333,0.9380530973451328,0.5699216503441379,0.39647072945467676,0.5254111064505017,family,strict
Metabuli,metabuli,prec0_ms0_ptax10239,mock_comb1,44,26,26,18,0,0.5909090909090909,1,0.7428571428571429,0.66921850890627,0.1510951072720703,0.6949143237474757,family,strict
Metabuli,metabuli,prec0_ms0_ptax10239,mock_comb2,46,27,27,19,0,0.5869565217391305,1,0.7397260273972603,0.7571177456816892,-0.020631778673804193,0.34885213790967257,family,strict
Metabuli,metabuli,prec0_ms0_ptax10239,mock_comb3,47,25,25,22,0,0.5319148936170213,1,0.6944444444444444,0.7108134688508463,0.13084909073691842,0.6193246392336536,family,strict
Metabuli,metabuli,prec0_ms0_ptax10239,mock_comb_fam1,60,60,60,0,0,1,1,1,0.6984119539124852,0.11277240065937082,0.30530733871392646,family,strict
Metabuli,metabuli,prec0_ms0_ptax10239,mock_comb_fam2,60,60,60,0,0,1,1,1,0.6945871088325494,0.043542947636838476,0.19793215628875888,family,strict
Metabuli,metabuli,prec0_ms0_ptax10239,mock_comb_fam3,60,60,59,1,1,0.9833333333333333,0.9833333333333333,0.9833333333333333,0.6885870638327856,-0.006017948104382033,0.5171182738674813,family,strict
Metabuli,metabuli,prec0_ms0_ptaxnone,mock_comb1,44,26,26,18,0,0.5909090909090909,1,0.7428571428571429,0.66921850890627,0.1510951072720703,0.6949143237474757,family,strict
Metabuli,metabuli,prec0_ms0_ptaxnone,mock_comb2,46,27,27,19,0,0.5869565217391305,1,0.7397260273972603,0.7571177456816892,-0.020631778673804193,0.34885213790967257,family,strict
Metabuli,metabuli,prec0_ms0_ptaxnone,mock_comb3,47,25,25,22,0,0.5319148936170213,1,0.6944444444444444,0.7108134688508463,0.13084909073691842,0.6193246392336536,family,strict
Metabuli,metabuli,prec0_ms0_ptaxnone,mock_comb_fam1,60,60,60,0,0,1,1,1,0.6984119539124852,0.11277240065937082,0.30530733871392646,family,strict
Metabuli,metabuli,prec0_ms0_ptaxnone,mock_comb_fam2,60,60,60,0,0,1,1,1,0.6945871088325494,0.043542947636838476,0.19793215628875888,family,strict
Metabuli,metabuli,prec0_ms0_ptaxnone,mock_comb_fam3,60,60,59,1,1,0.9833333333333333,0.9833333333333333,0.9833333333333333,0.6885870638327856,-0.006017948104382033,0.5171182738674813,family,strict
Metabuli,metabuli,prec1_ms0.15_ptax10239,mock_comb1,28,26,25,3,1,0.8928571428571429,0.9615384615384616,0.9259259259259259,0.4677636449940653,0.9199763927700068,0.7956619157607937,family,strict
Metabuli,metabuli,prec1_ms0.15_ptax10239,mock_comb2,32,27,26,6,1,0.8125,0.9629629629629629,0.8813559322033898,0.5472019943580659,0.8007240350962067,0.4442226362594618,family,strict
Metabuli,metabuli,prec1_ms0.15_ptax10239,mock_comb3,31,25,25,6,0,0.8064516129032258,1,0.8928571428571428,0.49013234246419146,0.8394931138891466,0.7338910738765296,family,strict
Metabuli,metabuli,prec1_ms0.15_ptax10239,mock_comb_fam1,55,60,55,0,5,1,0.9166666666666666,0.9565217391304348,0.5296513973004041,0.5411712470172483,0.5021345171644417,family,strict
Metabuli,metabuli,prec1_ms0.15_ptax10239,mock_comb_fam2,51,60,51,0,9,1,0.85,0.9189189189189189,0.5252521422356914,0.6947884026444909,0.5583915227750418,family,strict
Metabuli,metabuli,prec1_ms0.15_ptax10239,mock_comb_fam3,53,60,53,0,7,1,0.8833333333333333,0.9380530973451328,0.573044250416387,0.3945073246674401,0.510202790664665,family,strict
Metabuli,metabuli,prec1_ms0.15_ptaxnone,mock_comb1,28,26,25,3,1,0.8928571428571429,0.9615384615384616,0.9259259259259259,0.4677636449940653,0.9199763927700068,0.7956619157607937,family,strict
Metabuli,metabuli,prec1_ms0.15_ptaxnone,mock_comb2,32,27,26,6,1,0.8125,0.9629629629629629,0.8813559322033898,0.5472019943580659,0.8007240350962067,0.4442226362594618,family,strict
Metabuli,metabuli,prec1_ms0.15_ptaxnone,mock_comb3,31,25,25,6,0,0.8064516129032258,1,0.8928571428571428,0.49013234246419146,0.8394931138891466,0.7338910738765296,family,strict
Metabuli,metabuli,prec1_ms0.15_ptaxnone,mock_comb_fam1,55,60,55,0,5,1,0.9166666666666666,0.9565217391304348,0.5296513973004041,0.5411712470172483,0.5021345171644417,family,strict
Metabuli,metabuli,prec1_ms0.15_ptaxnone,mock_comb_fam2,51,60,51,0,9,1,0.85,0.9189189189189189,0.5252521422356914,0.6947884026444909,0.5583915227750418,family,strict
Metabuli,metabuli,prec1_ms0.15_ptaxnone,mock_comb_fam3,53,60,53,0,7,1,0.8833333333333333,0.9380530973451328,0.573044250416387,0.3945073246674401,0.510202790664665,family,strict
Metabuli,metabuli,prec1_ms0_ptax10239,mock_comb1,28,26,25,3,1,0.8928571428571429,0.9615384615384616,0.9259259259259259,0.4677636449940653,0.9199763927700068,0.7956619157607937,family,strict
Metabuli,metabuli,prec1_ms0_ptax10239,mock_comb2,32,27,26,6,1,0.8125,0.9629629629629629,0.8813559322033898,0.5472019943580659,0.8007240350962067,0.4442226362594618,family,strict
Metabuli,metabuli,prec1_ms0_ptax10239,mock_comb3,31,25,25,6,0,0.8064516129032258,1,0.8928571428571428,0.49013234246419146,0.8394931138891466,0.7338910738765296,family,strict
Metabuli,metabuli,prec1_ms0_ptax10239,mock_comb_fam1,55,60,55,0,5,1,0.9166666666666666,0.9565217391304348,0.5296513973004041,0.5411712470172483,0.5021345171644417,family,strict
Metabuli,metabuli,prec1_ms0_ptax10239,mock_comb_fam2,51,60,51,0,9,1,0.85,0.9189189189189189,0.5252521422356914,0.6947884026444909,0.5583915227750418,family,strict
Metabuli,metabuli,prec1_ms0_ptax10239,mock_comb_fam3,53,60,53,0,7,1,0.8833333333333333,0.9380530973451328,0.573044250416387,0.3945073246674401,0.510202790664665,family,strict
Metabuli,metabuli,prec1_ms0_ptaxnone,mock_comb1,28,26,25,3,1,0.8928571428571429,0.9615384615384616,0.9259259259259259,0.4677636449940653,0.9199763927700068,0.7956619157607937,family,strict
Metabuli,metabuli,prec1_ms0_ptaxnone,mock_comb2,32,27,26,6,1,0.8125,0.9629629629629629,0.8813559322033898,0.5472019943580659,0.8007240350962067,0.4442226362594618,family,strict
Metabuli,metabuli,prec1_ms0_ptaxnone,mock_comb3,31,25,25,6,0,0.8064516129032258,1,0.8928571428571428,0.49013234246419146,0.8394931138891466,0.7338910738765296,family,strict
Metabuli,metabuli,prec1_ms0_ptaxnone,mock_comb_fam1,55,60,55,0,5,1,0.9166666666666666,0.9565217391304348,0.5296513973004041,0.5411712470172483,0.5021345171644417,family,strict
Metabuli,metabuli,prec1_ms0_ptaxnone,mock_comb_fam2,51,60,51,0,9,1,0.85,0.9189189189189189,0.5252521422356914,0.6947884026444909,0.5583915227750418,family,strict
Metabuli,metabuli,prec1_ms0_ptaxnone,mock_comb_fam3,53,60,53,0,7,1,0.8833333333333333,0.9380530973451328,0.573044250416387,0.3945073246674401,0.510202790664665,family,strict
Sylph,sylph,mnk10,mock_comb1,14,26,14,0,12,1,0.5384615384615384,0.7000000000000001,0.4470420373868601,0.7002735296039752,0.529186742556442,family,strict
Sylph,sylph,mnk10,mock_comb2,14,27,14,0,13,1,0.5185185185185185,0.6829268292682926,0.5150417913669066,0.4545012725274601,0.41442155673936854,family,strict
Sylph,sylph,mnk10,mock_comb3,16,25,16,0,9,1,0.64,0.7804878048780487,0.3421647421647422,0.707384394466144,0.44824275825831317,family,strict
Sylph,sylph,mnk10,mock_comb_fam1,20,60,20,0,40,1,0.3333333333333333,0.5,0.6085466639790367,0.4822446245118127,0.2633798111067489,family,strict
Sylph,sylph,mnk10,mock_comb_fam2,18,60,18,0,42,1,0.3,0.4615384615384615,0.5592065718292929,0.5995432477647435,0.4530008378997503,family,strict
Sylph,sylph,mnk10,mock_comb_fam3,19,60,19,0,41,1,0.31666666666666665,0.4810126582278481,0.7135491853990515,0.2875923440804746,0.0402451877040743,family,strict
Sylph,sylph,mnk20,mock_comb1,12,26,12,0,14,1,0.46153846153846156,0.631578947368421,0.41870132295034673,0.7332188512381448,0.5964806527216645,family,strict
Sylph,sylph,mnk20,mock_comb2,14,27,14,0,13,1,0.5185185185185185,0.6829268292682926,0.5179490807354118,0.5116197352568823,0.3736269347478369,family,strict
Sylph,sylph,mnk20,mock_comb3,13,25,13,0,12,1,0.52,0.6842105263157895,0.3979355979355977,0.72596313529511,0.45751784703497494,family,strict
Sylph,sylph,mnk20,mock_comb_fam1,17,60,17,0,43,1,0.2833333333333333,0.4415584415584416,0.6311497937645381,0.48684100227598176,0.3116552627247664,family,strict
Sylph,sylph,mnk20,mock_comb_fam2,16,60,16,0,44,1,0.26666666666666666,0.4210526315789474,0.5770265776518437,0.6097047946267475,0.4996905654346507,family,strict
Sylph,sylph,mnk20,mock_comb_fam3,14,60,14,0,46,1,0.23333333333333334,0.37837837837837834,0.8515157764487522,-0.0919785755006172,-0.07851201776176717,family,strict
Sylph,sylph,mnk50,mock_comb1,9,26,9,0,17,1,0.34615384615384615,0.5142857142857142,0.4987002599480104,0.5953047505314062,0.33946937485246986,family,strict
Sylph,sylph,mnk50,mock_comb2,3,27,3,0,24,1,0.1111111111111111,0.19999999999999998,0.7498418880895285,0.4766898014319094,0.37972825969631735,family,strict
Sylph,sylph,mnk50,mock_comb3,7,25,7,0,18,1,0.28,0.43750000000000006,0.5370046453546451,0.7903391630041028,0.4157609004508402,family,strict
Sylph,sylph,mnk50,mock_comb_fam1,7,60,7,0,53,1,0.11666666666666667,0.208955223880597,0.8722031848417657,0.07256394271307803,0.16226289504005276,family,strict
Sylph,sylph,mnk50,mock_comb_fam2,9,60,9,0,51,1,0.15,0.2608695652173913,0.7445401723101586,0.4433568677517952,0.3805062392745393,family,strict
Sylph,sylph,mnk50,mock_comb_fam3,11,60,11,0,49,1,0.18333333333333332,0.30985915492957744,0.8737884099814395,-0.06415597214372101,-0.009925337272250945,family,strict
EsViritu,esviritu,sense,mock_comb1,26,26,26,0,0,1,1,1,0.10413064426190904,0.9652269884192379,0.9051119981831469,family,capped
EsViritu,esviritu,sense,mock_comb2,28,27,27,1,0,0.9642857142857143,1,0.9818181818181818,0.1670036933358792,0.9152004173728081,0.8111658456486042,family,capped
EsViritu,esviritu,sense,mock_comb3,26,25,25,1,0,0.9615384615384616,1,0.9803921568627451,0.14253738899831772,0.930216887458918,0.8992990386179359,family,capped
EsViritu,esviritu,sense,mock_comb_fam1,60,60,60,0,0,1,1,1,0.193548257101806,0.9216389558644693,0.6218052979184053,family,capped
EsViritu,esviritu,sense,mock_comb_fam2,60,60,60,0,0,1,1,1,0.17784482657017928,0.9338200516222177,0.7498054369453647,family,capped
EsViritu,esviritu,sense,mock_comb_fam3,60,60,60,0,0,1,1,1,0.18922859965722072,0.8882327293609006,0.7046291650215379,family,capped
EsViritu,esviritu,sr,mock_comb1,24,26,24,0,2,1,0.9230769230769231,0.9600000000000001,0.17688710143462524,0.9027618308726629,0.8632010943912448,family,capped
EsViritu,esviritu,sr,mock_comb2,25,27,25,0,2,1,0.9259259259259259,0.9615384615384615,0.27876775760599576,0.7626030801216929,0.6631048772112602,family,capped
EsViritu,esviritu,sr,mock_comb3,25,25,25,0,0,1,1,1,0.22068104062365182,0.8462705120381939,0.6737206617929973,family,capped
EsViritu,esviritu,sr,mock_comb_fam1,51,60,51,0,9,1,0.85,0.9189189189189189,0.31351579294120074,0.804145638689697,0.499367217785849,family,capped
EsViritu,esviritu,sr,mock_comb_fam2,53,60,53,0,7,1,0.8833333333333333,0.9380530973451328,0.2756050392824181,0.8973302906993209,0.5275047904485489,family,capped
EsViritu,esviritu,sr,mock_comb_fam3,50,60,50,0,10,1,0.8333333333333334,0.9090909090909091,0.30433917179589504,0.7721235207586481,0.48091196261189495,family,capped
Centrifuger,centrifuger,mhl100_ms0,mock_comb1,18,26,18,0,8,1,0.6923076923076923,0.8181818181818181,0.4755360100776514,0.4749475232936647,0.42155279869077344,family,capped
Centrifuger,centrifuger,mhl100_ms0,mock_comb2,20,27,19,1,8,0.95,0.7037037037037037,0.8085106382978724,0.6249660091847739,0.10348201316957535,0.23952925404082426,family,capped
Centrifuger,centrifuger,mhl100_ms0,mock_comb3,22,25,22,0,3,1,0.88,0.9361702127659575,0.5052791166968141,0.2393799709716712,0.2687199678094249,family,capped
Centrifuger,centrifuger,mhl100_ms0,mock_comb_fam1,27,60,27,0,33,1,0.45,0.6206896551724138,0.5665622189995306,0.5000487146783271,0.17878650819877204,family,capped
Centrifuger,centrifuger,mhl100_ms0,mock_comb_fam2,25,60,25,0,35,1,0.4166666666666667,0.5882352941176471,0.5286309495984526,0.4762689405054539,0.3983298130280776,family,capped
Centrifuger,centrifuger,mhl100_ms0,mock_comb_fam3,25,60,25,0,35,1,0.4166666666666667,0.5882352941176471,0.675121661180643,0.12919625191159917,-0.016886950310508863,family,capped
Centrifuger,centrifuger,mhl100_ms100,mock_comb1,18,26,18,0,8,1,0.6923076923076923,0.8181818181818181,0.4755360100776514,0.4749475232936647,0.42155279869077344,family,capped
Centrifuger,centrifuger,mhl100_ms100,mock_comb2,20,27,19,1,8,0.95,0.7037037037037037,0.8085106382978724,0.6249660091847739,0.10348201316957535,0.23952925404082426,family,capped
Centrifuger,centrifuger,mhl100_ms100,mock_comb3,22,25,22,0,3,1,0.88,0.9361702127659575,0.5052791166968141,0.2393799709716712,0.2687199678094249,family,capped
Centrifuger,centrifuger,mhl100_ms100,mock_comb_fam1,27,60,27,0,33,1,0.45,0.6206896551724138,0.5665622189995306,0.5000487146783271,0.17878650819877204,family,capped
Centrifuger,centrifuger,mhl100_ms100,mock_comb_fam2,25,60,25,0,35,1,0.4166666666666667,0.5882352941176471,0.5286309495984526,0.4762689405054539,0.3983298130280776,family,capped
Centrifuger,centrifuger,mhl100_ms100,mock_comb_fam3,25,60,25,0,35,1,0.4166666666666667,0.5882352941176471,0.675121661180643,0.12919625191159917,-0.016886950310508863,family,capped
Centrifuger,centrifuger,mhl100_ms500,mock_comb1,18,26,18,0,8,1,0.6923076923076923,0.8181818181818181,0.4755360100776514,0.4749475232936647,0.42155279869077344,family,capped
Centrifuger,centrifuger,mhl100_ms500,mock_comb2,20,27,19,1,8,0.95,0.7037037037037037,0.8085106382978724,0.6249660091847739,0.10348201316957535,0.23952925404082426,family,capped
Centrifuger,centrifuger,mhl100_ms500,mock_comb3,22,25,22,0,3,1,0.88,0.9361702127659575,0.5052791166968141,0.2393799709716712,0.2687199678094249,family,capped
Centrifuger,centrifuger,mhl100_ms500,mock_comb_fam1,27,60,27,0,33,1,0.45,0.6206896551724138,0.5665622189995306,0.5000487146783271,0.17878650819877204,family,capped
Centrifuger,centrifuger,mhl100_ms500,mock_comb_fam2,25,60,25,0,35,1,0.4166666666666667,0.5882352941176471,0.5286309495984526,0.4762689405054539,0.3983298130280776,family,capped
Centrifuger,centrifuger,mhl100_ms500,mock_comb_fam3,25,60,25,0,35,1,0.4166666666666667,0.5882352941176471,0.675121661180643,0.12919625191159917,-0.016886950310508863,family,capped
Centrifuger,centrifuger,mhl50_ms0,mock_comb1,25,26,24,1,2,0.96,0.9230769230769231,0.9411764705882353,0.5842320556064913,0.5726589502433509,0.7804580152671754,family,capped
Centrifuger,centrifuger,mhl50_ms0,mock_comb2,24,27,23,1,4,0.9583333333333334,0.8518518518518519,0.9019607843137256,0.6439225139486974,0.29215296750259007,0.3888740290835748,family,capped
Centrifuger,centrifuger,mhl50_ms0,mock_comb3,26,25,24,2,1,0.9230769230769231,0.96,0.9411764705882353,0.6020560275375396,0.4338316458343248,0.5618320872598148,family,capped
Centrifuger,centrifuger,mhl50_ms0,mock_comb_fam1,39,60,39,0,21,1,0.65,0.787878787878788,0.6122805868935594,0.4141704584837272,0.2704864426319672,family,capped
Centrifuger,centrifuger,mhl50_ms0,mock_comb_fam2,40,60,40,0,20,1,0.6666666666666666,0.8,0.6979586970026888,0.2152644950377963,0.40411944821773754,family,capped
Centrifuger,centrifuger,mhl50_ms0,mock_comb_fam3,43,60,43,0,17,1,0.7166666666666667,0.8349514563106796,0.55571969898824,0.5370138835013101,0.25226132315839533,family,capped
Centrifuger,centrifuger,mhl50_ms100,mock_comb1,25,26,24,1,2,0.96,0.9230769230769231,0.9411764705882353,0.5842320556064913,0.5726589502433509,0.7804580152671754,family,capped
Centrifuger,centrifuger,mhl50_ms100,mock_comb2,24,27,23,1,4,0.9583333333333334,0.8518518518518519,0.9019607843137256,0.6439225139486974,0.29215296750259007,0.3888740290835748,family,capped
Centrifuger,centrifuger,mhl50_ms100,mock_comb3,26,25,24,2,1,0.9230769230769231,0.96,0.9411764705882353,0.6020560275375396,0.4338316458343248,0.5618320872598148,family,capped
Centrifuger,centrifuger,mhl50_ms100,mock_comb_fam1,39,60,39,0,21,1,0.65,0.787878787878788,0.6122805868935594,0.4141704584837272,0.2704864426319672,family,capped
Centrifuger,centrifuger,mhl50_ms100,mock_comb_fam2,40,60,40,0,20,1,0.6666666666666666,0.8,0.6979586970026888,0.2152644950377963,0.40411944821773754,family,capped
Centrifuger,centrifuger,mhl50_ms100,mock_comb_fam3,43,60,43,0,17,1,0.7166666666666667,0.8349514563106796,0.55571969898824,0.5370138835013101,0.25226132315839533,family,capped
Centrifuger,centrifuger,mhl50_ms500,mock_comb1,25,26,24,1,2,0.96,0.9230769230769231,0.9411764705882353,0.5842320556064913,0.5726589502433509,0.7804580152671754,family,capped
Centrifuger,centrifuger,mhl50_ms500,mock_comb2,24,27,23,1,4,0.9583333333333334,0.8518518518518519,0.9019607843137256,0.6439225139486974,0.29215296750259007,0.3888740290835748,family,capped
Centrifuger,centrifuger,mhl50_ms500,mock_comb3,26,25,24,2,1,0.9230769230769231,0.96,0.9411764705882353,0.6020560275375396,0.4338316458343248,0.5618320872598148,family,capped
Centrifuger,centrifuger,mhl50_ms500,mock_comb_fam1,39,60,39,0,21,1,0.65,0.787878787878788,0.6122805868935594,0.4141704584837272,0.2704864426319672,family,capped
Centrifuger,centrifuger,mhl50_ms500,mock_comb_fam2,40,60,40,0,20,1,0.6666666666666666,0.8,0.6979586970026888,0.2152644950377963,0.40411944821773754,family,capped
Centrifuger,centrifuger,mhl50_ms500,mock_comb_fam3,43,60,43,0,17,1,0.7166666666666667,0.8349514563106796,0.55571969898824,0.5370138835013101,0.25226132315839533,family,capped
Centrifuger,centrifuger,mhlauto_ms0,mock_comb1,47,26,26,21,0,0.5531914893617021,1,0.7123287671232876,0.6652385148473066,0.3057000975101482,0.6155373483241217,family,capped
Centrifuger,centrifuger,mhlauto_ms0,mock_comb2,47,27,27,20,0,0.574468085106383,1,0.7297297297297298,0.7752646959332291,0.10567627951379223,0.3582324982616568,family,capped
Centrifuger,centrifuger,mhlauto_ms0,mock_comb3,46,25,25,21,0,0.5434782608695652,1,0.704225352112676,0.7130134527631293,0.27078036479828493,0.47746332413239173,family,capped
Centrifuger,centrifuger,mhlauto_ms0,mock_comb_fam1,59,60,59,0,1,1,0.9833333333333333,0.9915966386554621,0.654935227672458,0.19416156526982556,0.33358810112834936,family,capped
Centrifuger,centrifuger,mhlauto_ms0,mock_comb_fam2,60,60,60,0,0,1,1,1,0.7145721480794877,0.03720915601147822,0.24983673479991694,family,capped
Centrifuger,centrifuger,mhlauto_ms0,mock_comb_fam3,60,60,60,0,0,1,1,1,0.6842738210086964,0.0776882317817,0.3592968404544887,family,capped
Centrifuger,centrifuger,mhlauto_ms100,mock_comb1,41,26,26,15,0,0.6341463414634146,1,0.7761194029850745,0.6120450022531561,0.5372107057363625,0.6944452643696039,family,capped
Centrifuger,centrifuger,mhlauto_ms100,mock_comb2,42,27,27,15,0,0.6428571428571429,1,0.782608695652174,0.7554272244065819,0.3423630486775338,0.3319856684365823,family,capped
Centrifuger,centrifuger,mhlauto_ms100,mock_comb3,43,25,25,18,0,0.5813953488372093,1,0.7352941176470588,0.6911839060678027,0.4517636042444107,0.5861499513241053,family,capped
Centrifuger,centrifuger,mhlauto_ms100,mock_comb_fam1,59,60,59,0,1,1,0.9833333333333333,0.9915966386554621,0.6311679962526853,0.30396667876479144,0.35956087214787025,family,capped
Centrifuger,centrifuger,mhlauto_ms100,mock_comb_fam2,58,60,58,0,2,1,0.9666666666666667,0.983050847457627,0.7078160642281172,0.01820871255800787,0.42636801304184535,family,capped
Centrifuger,centrifuger,mhlauto_ms100,mock_comb_fam3,60,60,60,0,0,1,1,1,0.6685785953963215,0.24681697862271668,0.5256326633467531,family,capped
Centrifuger,centrifuger,mhlauto_ms500,mock_comb1,27,26,24,3,2,0.8888888888888888,0.9230769230769231,0.9056603773584906,0.5692125716519265,0.6091373560357244,0.6655984677905117,family,capped
Centrifuger,centrifuger,mhlauto_ms500,mock_comb2,33,27,26,7,1,0.7878787878787878,0.9629629629629629,0.8666666666666665,0.6948760161058322,0.40930633112491066,0.27315519836019464,family,capped
Centrifuger,centrifuger,mhlauto_ms500,mock_comb3,33,25,25,8,0,0.7575757575757576,1,0.8620689655172413,0.6118467015641538,0.5568568639502027,0.5742442776110992,family,capped
Centrifuger,centrifuger,mhlauto_ms500,mock_comb_fam1,50,60,50,0,10,1,0.8333333333333334,0.9090909090909091,0.6178182989301967,0.4272288517538174,0.4316010933666355,family,capped
Centrifuger,centrifuger,mhlauto_ms500,mock_comb_fam2,50,60,50,0,10,1,0.8333333333333334,0.9090909090909091,0.6959320677243356,0.12187182465506818,0.42044078129011975,family,capped
Centrifuger,centrifuger,mhlauto_ms500,mock_comb_fam3,51,60,51,0,9,1,0.85,0.9189189189189189,0.6160426126824503,0.4558871933630967,0.407762003699876,family,capped
Kraken2,kraken2,conf0.2_mhg2,mock_comb1,25,26,24,1,2,0.96,0.9230769230769231,0.9411764705882353,0.2636176619024443,0.8074713509035192,0.7992057148998609,family,capped
Kraken2,kraken2,conf0.2_mhg2,mock_comb2,21,27,20,1,7,0.9523809523809523,0.7407407407407407,0.8333333333333334,0.3959962967653368,0.5785601317142213,0.46532950670697554,family,capped
Kraken2,kraken2,conf0.2_mhg2,mock_comb3,25,25,24,1,1,0.96,0.96,0.96,0.3099721294192967,0.740365862745272,0.5898050293843176,family,capped
Kraken2,kraken2,conf0.2_mhg2,mock_comb_fam1,41,60,41,0,19,1,0.6833333333333333,0.8118811881188119,0.45001646879190166,0.5143403902117366,0.28108014222427996,family,capped
Kraken2,kraken2,conf0.2_mhg2,mock_comb_fam2,40,60,40,0,20,1,0.6666666666666666,0.8,0.30523873174960564,0.8708760803807967,0.4524159890359879,family,capped
Kraken2,kraken2,conf0.2_mhg2,mock_comb_fam3,39,60,39,0,21,1,0.65,0.787878787878788,0.5222078774819832,0.41980229988342393,0.1837745889970303,family,capped
Kraken2,kraken2,conf0.2_mhg3,mock_comb1,25,26,24,1,2,0.96,0.9230769230769231,0.9411764705882353,0.2636176619024443,0.8074713509035192,0.7992057148998609,family,capped
Kraken2,kraken2,conf0.2_mhg3,mock_comb2,21,27,20,1,7,0.9523809523809523,0.7407407407407407,0.8333333333333334,0.3959962967653368,0.5785601317142213,0.46532950670697554,family,capped
Kraken2,kraken2,conf0.2_mhg3,mock_comb3,25,25,24,1,1,0.96,0.96,0.96,0.3099721294192967,0.740365862745272,0.5898050293843176,family,capped
Kraken2,kraken2,conf0.2_mhg3,mock_comb_fam1,41,60,41,0,19,1,0.6833333333333333,0.8118811881188119,0.45001646879190166,0.5143403902117366,0.28108014222427996,family,capped
Kraken2,kraken2,conf0.2_mhg3,mock_comb_fam2,40,60,40,0,20,1,0.6666666666666666,0.8,0.30523873174960564,0.8708760803807967,0.4524159890359879,family,capped
Kraken2,kraken2,conf0.2_mhg3,mock_comb_fam3,39,60,39,0,21,1,0.65,0.787878787878788,0.5222078774819832,0.41980229988342393,0.1837745889970303,family,capped
Kraken2,kraken2,conf0.2_mhg5,mock_comb1,25,26,24,1,2,0.96,0.9230769230769231,0.9411764705882353,0.2636176619024443,0.8074713509035192,0.7992057148998609,family,capped
Kraken2,kraken2,conf0.2_mhg5,mock_comb2,21,27,20,1,7,0.9523809523809523,0.7407407407407407,0.8333333333333334,0.3959962967653368,0.5785601317142213,0.46532950670697554,family,capped
Kraken2,kraken2,conf0.2_mhg5,mock_comb3,25,25,24,1,1,0.96,0.96,0.96,0.3099721294192967,0.740365862745272,0.5898050293843176,family,capped
Kraken2,kraken2,conf0.2_mhg5,mock_comb_fam1,41,60,41,0,19,1,0.6833333333333333,0.8118811881188119,0.45001646879190166,0.5143403902117366,0.28108014222427996,family,capped
Kraken2,kraken2,conf0.2_mhg5,mock_comb_fam2,40,60,40,0,20,1,0.6666666666666666,0.8,0.30523873174960564,0.8708760803807967,0.4524159890359879,family,capped
Kraken2,kraken2,conf0.2_mhg5,mock_comb_fam3,39,60,39,0,21,1,0.65,0.787878787878788,0.5222078774819832,0.41980229988342393,0.1837745889970303,family,capped
Kraken2,kraken2,conf0.5_mhg2,mock_comb1,19,26,19,0,7,1,0.7307692307692307,0.8444444444444443,0.5094414940541304,0.5495065642693283,0.4371751301872131,family,capped
Kraken2,kraken2,conf0.5_mhg2,mock_comb2,19,27,19,0,8,1,0.7037037037037037,0.8260869565217391,0.5932405888992344,0.16163681149579812,0.2845014207076432,family,capped
Kraken2,kraken2,conf0.5_mhg2,mock_comb3,23,25,23,0,2,1,0.92,0.9583333333333334,0.47576809693374117,0.3407948805789849,0.33012517535326913,family,capped
Kraken2,kraken2,conf0.5_mhg2,mock_comb_fam1,29,60,29,0,31,1,0.48333333333333334,0.6516853932584269,0.6303223111282498,0.5059124519602832,0.12427471625824471,family,capped
Kraken2,kraken2,conf0.5_mhg2,mock_comb_fam2,27,60,27,0,33,1,0.45,0.6206896551724138,0.5322013699537084,0.6098552665831399,0.44280042322002783,family,capped
Kraken2,kraken2,conf0.5_mhg2,mock_comb_fam3,27,60,27,0,33,1,0.45,0.6206896551724138,0.7404027447806215,0.13712521966157282,-0.01674275831384961,family,capped
Kraken2,kraken2,conf0.5_mhg3,mock_comb1,19,26,19,0,7,1,0.7307692307692307,0.8444444444444443,0.5094414940541304,0.5495065642693283,0.4371751301872131,family,capped
Kraken2,kraken2,conf0.5_mhg3,mock_comb2,19,27,19,0,8,1,0.7037037037037037,0.8260869565217391,0.5932405888992344,0.16163681149579812,0.2845014207076432,family,capped
Kraken2,kraken2,conf0.5_mhg3,mock_comb3,23,25,23,0,2,1,0.92,0.9583333333333334,0.47576809693374117,0.3407948805789849,0.33012517535326913,family,capped
Kraken2,kraken2,conf0.5_mhg3,mock_comb_fam1,29,60,29,0,31,1,0.48333333333333334,0.6516853932584269,0.6303223111282498,0.5059124519602832,0.12427471625824471,family,capped
Kraken2,kraken2,conf0.5_mhg3,mock_comb_fam2,27,60,27,0,33,1,0.45,0.6206896551724138,0.5322013699537084,0.6098552665831399,0.44280042322002783,family,capped
Kraken2,kraken2,conf0.5_mhg3,mock_comb_fam3,27,60,27,0,33,1,0.45,0.6206896551724138,0.7404027447806215,0.13712521966157282,-0.01674275831384961,family,capped
Kraken2,kraken2,conf0.5_mhg5,mock_comb1,19,26,19,0,7,1,0.7307692307692307,0.8444444444444443,0.5094414940541304,0.5495065642693283,0.4371751301872131,family,capped
Kraken2,kraken2,conf0.5_mhg5,mock_comb2,19,27,19,0,8,1,0.7037037037037037,0.8260869565217391,0.5932405888992344,0.16163681149579812,0.2845014207076432,family,capped
Kraken2,kraken2,conf0.5_mhg5,mock_comb3,23,25,23,0,2,1,0.92,0.9583333333333334,0.47576809693374117,0.3407948805789849,0.33012517535326913,family,capped
Kraken2,kraken2,conf0.5_mhg5,mock_comb_fam1,29,60,29,0,31,1,0.48333333333333334,0.6516853932584269,0.6303223111282498,0.5059124519602832,0.12427471625824471,family,capped
Kraken2,kraken2,conf0.5_mhg5,mock_comb_fam2,27,60,27,0,33,1,0.45,0.6206896551724138,0.5322013699537084,0.6098552665831399,0.44280042322002783,family,capped
Kraken2,kraken2,conf0.5_mhg5,mock_comb_fam3,27,60,27,0,33,1,0.45,0.6206896551724138,0.7404027447806215,0.13712521966157282,-0.01674275831384961,family,capped
Kraken2,kraken2,conf0_mhg2,mock_comb1,31,26,26,5,0,0.8387096774193549,1,0.9122807017543859,0.46648663246016747,0.9406400768318309,0.8936741016362262,family,capped
Kraken2,kraken2,conf0_mhg2,mock_comb2,33,27,26,7,1,0.7878787878787878,0.9629629629629629,0.8666666666666665,0.6041977107648973,0.6018598333154744,0.5050302010131464,family,capped
Kraken2,kraken2,conf0_mhg2,mock_comb3,35,25,25,10,0,0.7142857142857143,1,0.8333333333333333,0.5511631502897879,0.8453064221563579,0.781167335234092,family,capped
Kraken2,kraken2,conf0_mhg2,mock_comb_fam1,57,60,57,0,3,1,0.95,0.9743589743589743,0.5583537743987592,0.5631307088720399,0.471599517489589,family,capped
Kraken2,kraken2,conf0_mhg2,mock_comb_fam2,57,60,57,0,3,1,0.95,0.9743589743589743,0.5695382989402554,0.3760547449879967,0.6142257553436917,family,capped
Kraken2,kraken2,conf0_mhg2,mock_comb_fam3,60,60,60,0,0,1,1,1,0.601594272680071,0.19854345005773816,0.666314596311731,family,capped
Kraken2,kraken2,conf0_mhg3,mock_comb1,28,26,26,2,0,0.9285714285714286,1,0.962962962962963,0.41828377481000517,0.9704893927104833,0.8622861134866896,family,capped
Kraken2,kraken2,conf0_mhg3,mock_comb2,30,27,26,4,1,0.8666666666666667,0.9629629629629629,0.912280701754386,0.48803618325065645,0.8741638761493243,0.6374282402704682,family,capped
Kraken2,kraken2,conf0_mhg3,mock_comb3,31,25,25,6,0,0.8064516129032258,1,0.8928571428571428,0.4520242446538344,0.8954980236539719,0.8584491756195336,family,capped
Kraken2,kraken2,conf0_mhg3,mock_comb_fam1,54,60,54,0,6,1,0.9,0.9473684210526316,0.5075257212938185,0.6896625762253255,0.519348741882055,family,capped
Kraken2,kraken2,conf0_mhg3,mock_comb_fam2,56,60,56,0,4,1,0.9333333333333333,0.9655172413793104,0.5257279246927431,0.6435114189605691,0.5857041602845192,family,capped
Kraken2,kraken2,conf0_mhg3,mock_comb_fam3,57,60,57,0,3,1,0.95,0.9743589743589743,0.5576282038237894,0.24602662550344262,0.5785091808718008,family,capped
Kraken2,kraken2,conf0_mhg5,mock_comb1,27,26,25,2,1,0.9259259259259259,0.9615384615384616,0.9433962264150944,0.4176520994001714,0.9316660662173537,0.8501575844402116,family,capped
Kraken2,kraken2,conf0_mhg5,mock_comb2,27,27,25,2,2,0.9259259259259259,0.9259259259259259,0.9259259259259259,0.5353873239436622,0.8066034786307402,0.587829514658783,family,capped
Kraken2,kraken2,conf0_mhg5,mock_comb3,30,25,25,5,0,0.8333333333333334,1,0.9090909090909091,0.4729958827803342,0.8536500612976392,0.809109680300341,family,capped
Kraken2,kraken2,conf0_mhg5,mock_comb_fam1,51,60,51,0,9,1,0.85,0.9189189189189189,0.511003990935593,0.7342437303185861,0.4346597070496151,family,capped
Kraken2,kraken2,conf0_mhg5,mock_comb_fam2,53,60,53,0,7,1,0.8833333333333333,0.9380530973451328,0.49212021888417934,0.8718518008251609,0.5291991929621385,family,capped
Kraken2,kraken2,conf0_mhg5,mock_comb_fam3,51,60,51,0,9,1,0.85,0.9189189189189189,0.4800018083426974,0.7395190172799005,0.4846166591468972,family,capped
Metabuli,metabuli,prec0_ms0.15_ptax10239,mock_comb1,28,26,25,3,1,0.8928571428571429,0.9615384615384616,0.9259259259259259,0.4661718273545045,0.9209849425662442,0.7967962079298854,family,capped
Metabuli,metabuli,prec0_ms0.15_ptax10239,mock_comb2,32,27,26,6,1,0.8125,0.9629629629629629,0.8813559322033898,0.5489941596365996,0.8022675163107076,0.44530287004991276,family,capped
Metabuli,metabuli,prec0_ms0.15_ptax10239,mock_comb3,31,25,25,6,0,0.8064516129032258,1,0.8928571428571428,0.48709418088159323,0.8434943658371507,0.7399621430110384,family,capped
Metabuli,metabuli,prec0_ms0.15_ptax10239,mock_comb_fam1,55,60,55,0,5,1,0.9166666666666666,0.9565217391304348,0.5273815186641584,0.5361949005446454,0.492970542649167,family,capped
Metabuli,metabuli,prec0_ms0.15_ptax10239,mock_comb_fam2,51,60,51,0,9,1,0.85,0.9189189189189189,0.5246427833001508,0.6900048379201498,0.5578678604487195,family,capped
Metabuli,metabuli,prec0_ms0.15_ptax10239,mock_comb_fam3,53,60,53,0,7,1,0.8833333333333333,0.9380530973451328,0.5699216503441379,0.39647072945467676,0.5254111064505017,family,capped
Metabuli,metabuli,prec0_ms0.15_ptaxnone,mock_comb1,28,26,25,3,1,0.8928571428571429,0.9615384615384616,0.9259259259259259,0.4661718273545045,0.9209849425662442,0.7967962079298854,family,capped
Metabuli,metabuli,prec0_ms0.15_ptaxnone,mock_comb2,32,27,26,6,1,0.8125,0.9629629629629629,0.8813559322033898,0.5489941596365996,0.8022675163107076,0.44530287004991276,family,capped
Metabuli,metabuli,prec0_ms0.15_ptaxnone,mock_comb3,31,25,25,6,0,0.8064516129032258,1,0.8928571428571428,0.48709418088159323,0.8434943658371507,0.7399621430110384,family,capped
Metabuli,metabuli,prec0_ms0.15_ptaxnone,mock_comb_fam1,55,60,55,0,5,1,0.9166666666666666,0.9565217391304348,0.5273815186641584,0.5361949005446454,0.492970542649167,family,capped
Metabuli,metabuli,prec0_ms0.15_ptaxnone,mock_comb_fam2,51,60,51,0,9,1,0.85,0.9189189189189189,0.5246427833001508,0.6900048379201498,0.5578678604487195,family,capped
Metabuli,metabuli,prec0_ms0.15_ptaxnone,mock_comb_fam3,53,60,53,0,7,1,0.8833333333333333,0.9380530973451328,0.5699216503441379,0.39647072945467676,0.5254111064505017,family,capped
Metabuli,metabuli,prec0_ms0_ptax10239,mock_comb1,44,26,26,18,0,0.5909090909090909,1,0.7428571428571429,0.66921850890627,0.1510951072720703,0.6949143237474757,family,capped
Metabuli,metabuli,prec0_ms0_ptax10239,mock_comb2,46,27,27,19,0,0.5869565217391305,1,0.7397260273972603,0.7571177456816892,-0.020631778673804193,0.34885213790967257,family,capped
Metabuli,metabuli,prec0_ms0_ptax10239,mock_comb3,47,25,25,22,0,0.5319148936170213,1,0.6944444444444444,0.7108134688508463,0.13084909073691842,0.6193246392336536,family,capped
Metabuli,metabuli,prec0_ms0_ptax10239,mock_comb_fam1,60,60,60,0,0,1,1,1,0.6984119539124852,0.11277240065937082,0.30530733871392646,family,capped
Metabuli,metabuli,prec0_ms0_ptax10239,mock_comb_fam2,60,60,60,0,0,1,1,1,0.6945871088325494,0.043542947636838476,0.19793215628875888,family,capped
Metabuli,metabuli,prec0_ms0_ptax10239,mock_comb_fam3,60,60,59,1,1,0.9833333333333333,0.9833333333333333,0.9833333333333333,0.6885870638327856,-0.006017948104382033,0.5171182738674813,family,capped
Metabuli,metabuli,prec0_ms0_ptaxnone,mock_comb1,44,26,26,18,0,0.5909090909090909,1,0.7428571428571429,0.66921850890627,0.1510951072720703,0.6949143237474757,family,capped
Metabuli,metabuli,prec0_ms0_ptaxnone,mock_comb2,46,27,27,19,0,0.5869565217391305,1,0.7397260273972603,0.7571177456816892,-0.020631778673804193,0.34885213790967257,family,capped
Metabuli,metabuli,prec0_ms0_ptaxnone,mock_comb3,47,25,25,22,0,0.5319148936170213,1,0.6944444444444444,0.7108134688508463,0.13084909073691842,0.6193246392336536,family,capped
Metabuli,metabuli,prec0_ms0_ptaxnone,mock_comb_fam1,60,60,60,0,0,1,1,1,0.6984119539124852,0.11277240065937082,0.30530733871392646,family,capped
Metabuli,metabuli,prec0_ms0_ptaxnone,mock_comb_fam2,60,60,60,0,0,1,1,1,0.6945871088325494,0.043542947636838476,0.19793215628875888,family,capped
Metabuli,metabuli,prec0_ms0_ptaxnone,mock_comb_fam3,60,60,59,1,1,0.9833333333333333,0.9833333333333333,0.9833333333333333,0.6885870638327856,-0.006017948104382033,0.5171182738674813,family,capped
Metabuli,metabuli,prec1_ms0.15_ptax10239,mock_comb1,28,26,25,3,1,0.8928571428571429,0.9615384615384616,0.9259259259259259,0.4677636449940653,0.9199763927700068,0.7956619157607937,family,capped
Metabuli,metabuli,prec1_ms0.15_ptax10239,mock_comb2,32,27,26,6,1,0.8125,0.9629629629629629,0.8813559322033898,0.5472019943580659,0.8007240350962067,0.4442226362594618,family,capped
Metabuli,metabuli,prec1_ms0.15_ptax10239,mock_comb3,31,25,25,6,0,0.8064516129032258,1,0.8928571428571428,0.49013234246419146,0.8394931138891466,0.7338910738765296,family,capped
Metabuli,metabuli,prec1_ms0.15_ptax10239,mock_comb_fam1,55,60,55,0,5,1,0.9166666666666666,0.9565217391304348,0.5296513973004041,0.5411712470172483,0.5021345171644417,family,capped
Metabuli,metabuli,prec1_ms0.15_ptax10239,mock_comb_fam2,51,60,51,0,9,1,0.85,0.9189189189189189,0.5252521422356914,0.6947884026444909,0.5583915227750418,family,capped
Metabuli,metabuli,prec1_ms0.15_ptax10239,mock_comb_fam3,53,60,53,0,7,1,0.8833333333333333,0.9380530973451328,0.573044250416387,0.3945073246674401,0.510202790664665,family,capped
Metabuli,metabuli,prec1_ms0.15_ptaxnone,mock_comb1,28,26,25,3,1,0.8928571428571429,0.9615384615384616,0.9259259259259259,0.4677636449940653,0.9199763927700068,0.7956619157607937,family,capped
Metabuli,metabuli,prec1_ms0.15_ptaxnone,mock_comb2,32,27,26,6,1,0.8125,0.9629629629629629,0.8813559322033898,0.5472019943580659,0.8007240350962067,0.4442226362594618,family,capped
Metabuli,metabuli,prec1_ms0.15_ptaxnone,mock_comb3,31,25,25,6,0,0.8064516129032258,1,0.8928571428571428,0.49013234246419146,0.8394931138891466,0.7338910738765296,family,capped
Metabuli,metabuli,prec1_ms0.15_ptaxnone,mock_comb_fam1,55,60,55,0,5,1,0.9166666666666666,0.9565217391304348,0.5296513973004041,0.5411712470172483,0.5021345171644417,family,capped
Metabuli,metabuli,prec1_ms0.15_ptaxnone,mock_comb_fam2,51,60,51,0,9,1,0.85,0.9189189189189189,0.5252521422356914,0.6947884026444909,0.5583915227750418,family,capped
Metabuli,metabuli,prec1_ms0.15_ptaxnone,mock_comb_fam3,53,60,53,0,7,1,0.8833333333333333,0.9380530973451328,0.573044250416387,0.3945073246674401,0.510202790664665,family,capped
Metabuli,metabuli,prec1_ms0_ptax10239,mock_comb1,28,26,25,3,1,0.8928571428571429,0.9615384615384616,0.9259259259259259,0.4677636449940653,0.9199763927700068,0.7956619157607937,family,capped
Metabuli,metabuli,prec1_ms0_ptax10239,mock_comb2,32,27,26,6,1,0.8125,0.9629629629629629,0.8813559322033898,0.5472019943580659,0.8007240350962067,0.4442226362594618,family,capped
Metabuli,metabuli,prec1_ms0_ptax10239,mock_comb3,31,25,25,6,0,0.8064516129032258,1,0.8928571428571428,0.49013234246419146,0.8394931138891466,0.7338910738765296,family,capped
Metabuli,metabuli,prec1_ms0_ptax10239,mock_comb_fam1,55,60,55,0,5,1,0.9166666666666666,0.9565217391304348,0.5296513973004041,0.5411712470172483,0.5021345171644417,family,capped
Metabuli,metabuli,prec1_ms0_ptax10239,mock_comb_fam2,51,60,51,0,9,1,0.85,0.9189189189189189,0.5252521422356914,0.6947884026444909,0.5583915227750418,family,capped
Metabuli,metabuli,prec1_ms0_ptax10239,mock_comb_fam3,53,60,53,0,7,1,0.8833333333333333,0.9380530973451328,0.573044250416387,0.3945073246674401,0.510202790664665,family,capped
Metabuli,metabuli,prec1_ms0_ptaxnone,mock_comb1,28,26,25,3,1,0.8928571428571429,0.9615384615384616,0.9259259259259259,0.4677636449940653,0.9199763927700068,0.7956619157607937,family,capped
Metabuli,metabuli,prec1_ms0_ptaxnone,mock_comb2,32,27,26,6,1,0.8125,0.9629629629629629,0.8813559322033898,0.5472019943580659,0.8007240350962067,0.4442226362594618,family,capped
Metabuli,metabuli,prec1_ms0_ptaxnone,mock_comb3,31,25,25,6,0,0.8064516129032258,1,0.8928571428571428,0.49013234246419146,0.8394931138891466,0.7338910738765296,family,capped
Metabuli,metabuli,prec1_ms0_ptaxnone,mock_comb_fam1,55,60,55,0,5,1,0.9166666666666666,0.9565217391304348,0.5296513973004041,0.5411712470172483,0.5021345171644417,family,capped
Metabuli,metabuli,prec1_ms0_ptaxnone,mock_comb_fam2,51,60,51,0,9,1,0.85,0.9189189189189189,0.5252521422356914,0.6947884026444909,0.5583915227750418,family,capped
Metabuli,metabuli,prec1_ms0_ptaxnone,mock_comb_fam3,53,60,53,0,7,1,0.8833333333333333,0.9380530973451328,0.573044250416387,0.3945073246674401,0.510202790664665,family,capped
Sylph,sylph,mnk10,mock_comb1,14,26,14,0,12,1,0.5384615384615384,0.7000000000000001,0.4470420373868601,0.7002735296039752,0.529186742556442,family,capped
Sylph,sylph,mnk10,mock_comb2,14,27,14,0,13,1,0.5185185185185185,0.6829268292682926,0.5150417913669066,0.4545012725274601,0.41442155673936854,family,capped
Sylph,sylph,mnk10,mock_comb3,16,25,16,0,9,1,0.64,0.7804878048780487,0.3421647421647422,0.707384394466144,0.44824275825831317,family,capped
Sylph,sylph,mnk10,mock_comb_fam1,20,60,20,0,40,1,0.3333333333333333,0.5,0.6085466639790367,0.4822446245118127,0.2633798111067489,family,capped
Sylph,sylph,mnk10,mock_comb_fam2,18,60,18,0,42,1,0.3,0.4615384615384615,0.5592065718292929,0.5995432477647435,0.4530008378997503,family,capped
Sylph,sylph,mnk10,mock_comb_fam3,19,60,19,0,41,1,0.31666666666666665,0.4810126582278481,0.7135491853990515,0.2875923440804746,0.0402451877040743,family,capped
Sylph,sylph,mnk20,mock_comb1,12,26,12,0,14,1,0.46153846153846156,0.631578947368421,0.41870132295034673,0.7332188512381448,0.5964806527216645,family,capped
Sylph,sylph,mnk20,mock_comb2,14,27,14,0,13,1,0.5185185185185185,0.6829268292682926,0.5179490807354118,0.5116197352568823,0.3736269347478369,family,capped
Sylph,sylph,mnk20,mock_comb3,13,25,13,0,12,1,0.52,0.6842105263157895,0.3979355979355977,0.72596313529511,0.45751784703497494,family,capped
Sylph,sylph,mnk20,mock_comb_fam1,17,60,17,0,43,1,0.2833333333333333,0.4415584415584416,0.6311497937645381,0.48684100227598176,0.3116552627247664,family,capped
Sylph,sylph,mnk20,mock_comb_fam2,16,60,16,0,44,1,0.26666666666666666,0.4210526315789474,0.5770265776518437,0.6097047946267475,0.4996905654346507,family,capped
Sylph,sylph,mnk20,mock_comb_fam3,14,60,14,0,46,1,0.23333333333333334,0.37837837837837834,0.8515157764487522,-0.0919785755006172,-0.07851201776176717,family,capped
Sylph,sylph,mnk50,mock_comb1,9,26,9,0,17,1,0.34615384615384615,0.5142857142857142,0.4987002599480104,0.5953047505314062,0.33946937485246986,family,capped
Sylph,sylph,mnk50,mock_comb2,3,27,3,0,24,1,0.1111111111111111,0.19999999999999998,0.7498418880895285,0.4766898014319094,0.37972825969631735,family,capped
Sylph,sylph,mnk50,mock_comb3,7,25,7,0,18,1,0.28,0.43750000000000006,0.5370046453546451,0.7903391630041028,0.4157609004508402,family,capped
Sylph,sylph,mnk50,mock_comb_fam1,7,60,7,0,53,1,0.11666666666666667,0.208955223880597,0.8722031848417657,0.07256394271307803,0.16226289504005276,family,capped
Sylph,sylph,mnk50,mock_comb_fam2,9,60,9,0,51,1,0.15,0.2608695652173913,0.7445401723101586,0.4433568677517952,0.3805062392745393,family,capped
Sylph,sylph,mnk50,mock_comb_fam3,11,60,11,0,49,1,0.18333333333333332,0.30985915492957744,0.8737884099814395,-0.06415597214372101,-0.009925337272250945,family,capped
EsViritu,esviritu,sense,mock_comb1,40,40,40,0,0,1,1,1,0.1617592540878355,0.9530047429345397,0.7257625559884907,genus,strict
EsViritu,esviritu,sense,mock_comb2,42,41,41,1,0,0.9761904761904762,1,0.9879518072289156,0.20654424474819708,0.8946620848002548,0.8022779946693845,genus,strict
EsViritu,esviritu,sense,mock_comb3,42,40,40,2,0,0.9523809523809523,1,0.975609756097561,0.17657930865632104,0.932872810965084,0.8490191337882825,genus,strict
EsViritu,esviritu,sense,mock_comb_fam1,56,56,56,0,0,1,1,1,0.20712836808965207,0.8780521848623861,0.6078364389447906,genus,strict
EsViritu,esviritu,sense,mock_comb_fam2,52,52,52,0,0,1,1,1,0.18136390547362716,0.9272383683777573,0.7135781409452392,genus,strict
EsViritu,esviritu,sense,mock_comb_fam3,54,54,54,0,0,1,1,1,0.18623272341432245,0.8810180133968188,0.7174070731136412,genus,strict
EsViritu,esviritu,sr,mock_comb1,33,40,33,0,7,1,0.825,0.9041095890410958,0.2670868482962882,0.8663824371391079,0.5806970395818057,genus,strict
EsViritu,esviritu,sr,mock_comb2,36,41,36,0,5,1,0.8780487804878049,0.9350649350649352,0.3361635697765676,0.737837911492422,0.5574509188392434,genus,strict
EsViritu,esviritu,sr,mock_comb3,37,40,37,0,3,1,0.925,0.961038961038961,0.27426311802108716,0.8528952487641657,0.5411289997777682,genus,strict
EsViritu,esviritu,sr,mock_comb_fam1,47,56,47,0,9,1,0.8392857142857143,0.9126213592233009,0.32289588683893167,0.8318343094461286,0.5005232709003072,genus,strict
EsViritu,esviritu,sr,mock_comb_fam2,47,52,47,0,5,1,0.9038461538461539,0.9494949494949495,0.2775535969376589,0.8878968209015357,0.4959306774203295,genus,strict
EsViritu,esviritu,sr,mock_comb_fam3,45,54,45,0,9,1,0.8333333333333334,0.9090909090909091,0.30396291388591834,0.724644015538173,0.49686718146189446,genus,strict
Centrifuger,centrifuger,mhl100_ms0,mock_comb1,22,40,21,1,19,0.9545454545454546,0.525,0.6774193548387099,0.5854007996672587,0.22964848189040943,0.18585884915494613,genus,strict
Centrifuger,centrifuger,mhl100_ms0,mock_comb2,26,41,23,3,18,0.8846153846153846,0.5609756097560976,0.6865671641791045,0.663499541315233,0.17201110137680908,0.1308925087668956,genus,strict
Centrifuger,centrifuger,mhl100_ms0,mock_comb3,29,40,26,3,14,0.896551724137931,0.65,0.7536231884057972,0.6211141493359045,0.23857047600836745,0.07023964782000292,genus,strict
Centrifuger,centrifuger,mhl100_ms0,mock_comb_fam1,28,56,25,3,31,0.8928571428571429,0.44642857142857145,0.5952380952380952,0.5109896502508213,0.6865602365546511,0.1656760078010355,genus,strict
Centrifuger,centrifuger,mhl100_ms0,mock_comb_fam2,24,52,23,1,29,0.9583333333333334,0.4423076923076923,0.6052631578947368,0.5409089898479501,0.4219524015885603,0.3414591436233155,genus,strict
Centrifuger,centrifuger,mhl100_ms0,mock_comb_fam3,23,54,22,1,32,0.9565217391304348,0.4074074074074074,0.5714285714285714,0.6348402686528812,0.17589503281889263,-0.051379230068498934,genus,strict
Centrifuger,centrifuger,mhl100_ms100,mock_comb1,22,40,21,1,19,0.9545454545454546,0.525,0.6774193548387099,0.5854007996672587,0.22964848189040943,0.18585884915494613,genus,strict
Centrifuger,centrifuger,mhl100_ms100,mock_comb2,26,41,23,3,18,0.8846153846153846,0.5609756097560976,0.6865671641791045,0.663499541315233,0.17201110137680908,0.1308925087668956,genus,strict
Centrifuger,centrifuger,mhl100_ms100,mock_comb3,29,40,26,3,14,0.896551724137931,0.65,0.7536231884057972,0.6211141493359045,0.23857047600836745,0.07023964782000292,genus,strict
Centrifuger,centrifuger,mhl100_ms100,mock_comb_fam1,28,56,25,3,31,0.8928571428571429,0.44642857142857145,0.5952380952380952,0.5109896502508213,0.6865602365546511,0.1656760078010355,genus,strict
Centrifuger,centrifuger,mhl100_ms100,mock_comb_fam2,24,52,23,1,29,0.9583333333333334,0.4423076923076923,0.6052631578947368,0.5409089898479501,0.4219524015885603,0.3414591436233155,genus,strict
Centrifuger,centrifuger,mhl100_ms100,mock_comb_fam3,23,54,22,1,32,0.9565217391304348,0.4074074074074074,0.5714285714285714,0.6348402686528812,0.17589503281889263,-0.051379230068498934,genus,strict
Centrifuger,centrifuger,mhl100_ms500,mock_comb1,22,40,21,1,19,0.9545454545454546,0.525,0.6774193548387099,0.5854007996672587,0.22964848189040943,0.18585884915494613,genus,strict
Centrifuger,centrifuger,mhl100_ms500,mock_comb2,26,41,23,3,18,0.8846153846153846,0.5609756097560976,0.6865671641791045,0.663499541315233,0.17201110137680908,0.1308925087668956,genus,strict
Centrifuger,centrifuger,mhl100_ms500,mock_comb3,29,40,26,3,14,0.896551724137931,0.65,0.7536231884057972,0.6211141493359045,0.23857047600836745,0.07023964782000292,genus,strict
Centrifuger,centrifuger,mhl100_ms500,mock_comb_fam1,28,56,25,3,31,0.8928571428571429,0.44642857142857145,0.5952380952380952,0.5109896502508213,0.6865602365546511,0.1656760078010355,genus,strict
Centrifuger,centrifuger,mhl100_ms500,mock_comb_fam2,24,52,23,1,29,0.9583333333333334,0.4423076923076923,0.6052631578947368,0.5409089898479501,0.4219524015885603,0.3414591436233155,genus,strict
Centrifuger,centrifuger,mhl100_ms500,mock_comb_fam3,23,54,22,1,32,0.9565217391304348,0.4074074074074074,0.5714285714285714,0.6348402686528812,0.17589503281889263,-0.051379230068498934,genus,strict
Centrifuger,centrifuger,mhl50_ms0,mock_comb1,36,40,30,6,10,0.8333333333333334,0.75,0.7894736842105262,0.6960979453230423,0.3238564343629834,0.41382526077649623,genus,strict
Centrifuger,centrifuger,mhl50_ms0,mock_comb2,39,41,33,6,8,0.8461538461538461,0.8048780487804879,0.8250000000000001,0.7350686017822253,0.21793470516647886,0.2941008282113611,genus,strict
Centrifuger,centrifuger,mhl50_ms0,mock_comb3,40,40,32,8,8,0.8,0.8,0.8000000000000002,0.7212457058710905,0.35975044523211663,0.2125814632808425,genus,strict
Centrifuger,centrifuger,mhl50_ms0,mock_comb_fam1,45,56,37,8,19,0.8222222222222222,0.6607142857142857,0.7326732673267325,0.6612937455690595,0.5280004043531854,0.26169807325620487,genus,strict
Centrifuger,centrifuger,mhl50_ms0,mock_comb_fam2,41,52,33,8,19,0.8048780487804879,0.6346153846153846,0.7096774193548387,0.7872082815532976,0.08760717750763015,0.2914208920766721,genus,strict
Centrifuger,centrifuger,mhl50_ms0,mock_comb_fam3,49,54,38,11,16,0.7755102040816326,0.7037037037037037,0.7378640776699029,0.7512479605451794,-0.008994485680320293,0.1459639649941767,genus,strict
Centrifuger,centrifuger,mhl50_ms100,mock_comb1,36,40,30,6,10,0.8333333333333334,0.75,0.7894736842105262,0.6960979453230423,0.3238564343629834,0.41382526077649623,genus,strict
Centrifuger,centrifuger,mhl50_ms100,mock_comb2,39,41,33,6,8,0.8461538461538461,0.8048780487804879,0.8250000000000001,0.7350686017822253,0.21793470516647886,0.2941008282113611,genus,strict
Centrifuger,centrifuger,mhl50_ms100,mock_comb3,40,40,32,8,8,0.8,0.8,0.8000000000000002,0.7212457058710905,0.35975044523211663,0.2125814632808425,genus,strict
Centrifuger,centrifuger,mhl50_ms100,mock_comb_fam1,45,56,37,8,19,0.8222222222222222,0.6607142857142857,0.7326732673267325,0.6612937455690595,0.5280004043531854,0.26169807325620487,genus,strict
Centrifuger,centrifuger,mhl50_ms100,mock_comb_fam2,41,52,33,8,19,0.8048780487804879,0.6346153846153846,0.7096774193548387,0.7872082815532976,0.08760717750763015,0.2914208920766721,genus,strict
Centrifuger,centrifuger,mhl50_ms100,mock_comb_fam3,49,54,38,11,16,0.7755102040816326,0.7037037037037037,0.7378640776699029,0.7512479605451794,-0.008994485680320293,0.1459639649941767,genus,strict
Centrifuger,centrifuger,mhl50_ms500,mock_comb1,36,40,30,6,10,0.8333333333333334,0.75,0.7894736842105262,0.6960979453230423,0.3238564343629834,0.41382526077649623,genus,strict
Centrifuger,centrifuger,mhl50_ms500,mock_comb2,39,41,33,6,8,0.8461538461538461,0.8048780487804879,0.8250000000000001,0.7350686017822253,0.21793470516647886,0.2941008282113611,genus,strict
Centrifuger,centrifuger,mhl50_ms500,mock_comb3,40,40,32,8,8,0.8,0.8,0.8000000000000002,0.7212457058710905,0.35975044523211663,0.2125814632808425,genus,strict
Centrifuger,centrifuger,mhl50_ms500,mock_comb_fam1,45,56,37,8,19,0.8222222222222222,0.6607142857142857,0.7326732673267325,0.6612937455690595,0.5280004043531854,0.26169807325620487,genus,strict
Centrifuger,centrifuger,mhl50_ms500,mock_comb_fam2,41,52,33,8,19,0.8048780487804879,0.6346153846153846,0.7096774193548387,0.7872082815532976,0.08760717750763015,0.2914208920766721,genus,strict
Centrifuger,centrifuger,mhl50_ms500,mock_comb_fam3,49,54,38,11,16,0.7755102040816326,0.7037037037037037,0.7378640776699029,0.7512479605451794,-0.008994485680320293,0.1459639649941767,genus,strict
Centrifuger,centrifuger,mhlauto_ms0,mock_comb1,249,40,40,209,0,0.1606425702811245,1,0.2768166089965398,0.7936548969599807,0.34835077242133444,0.4450916227741267,genus,strict
Centrifuger,centrifuger,mhlauto_ms0,mock_comb2,274,41,41,233,0,0.14963503649635038,1,0.26031746031746034,0.8835147985422763,0.18912710886149042,0.34246155670399525,genus,strict
Centrifuger,centrifuger,mhlauto_ms0,mock_comb3,251,40,38,213,2,0.15139442231075698,0.95,0.26116838487972505,0.8544214388460495,0.29166119951959973,0.34065269305669343,genus,strict
Centrifuger,centrifuger,mhlauto_ms0,mock_comb_fam1,259,56,55,204,1,0.21235521235521235,0.9821428571428571,0.3492063492063492,0.8117615066976545,0.29497311021227307,0.3967650758771326,genus,strict
Centrifuger,centrifuger,mhlauto_ms0,mock_comb_fam2,261,52,52,209,0,0.19923371647509577,1,0.33226837060702874,0.8852406424023923,0.08689821918915146,0.3926148572196204,genus,strict
Centrifuger,centrifuger,mhlauto_ms0,mock_comb_fam3,262,54,54,208,0,0.20610687022900764,1,0.34177215189873417,0.8608095776786195,0.1042097373894756,0.35332345160686374,genus,strict
Centrifuger,centrifuger,mhlauto_ms100,mock_comb1,125,40,40,85,0,0.32,1,0.48484848484848486,0.7665807154732245,0.338969860459025,0.4727464469209503,genus,strict
Centrifuger,centrifuger,mhlauto_ms100,mock_comb2,138,41,41,97,0,0.2971014492753623,1,0.45810055865921784,0.8763790725012346,0.16338222881495268,0.3353934502052707,genus,strict
Centrifuger,centrifuger,mhlauto_ms100,mock_comb3,129,40,38,91,2,0.29457364341085274,0.95,0.44970414201183434,0.8333034144228715,0.2795595393062276,0.42439394545327064,genus,strict
Centrifuger,centrifuger,mhlauto_ms100,mock_comb_fam1,135,56,55,80,1,0.4074074074074074,0.9821428571428571,0.5759162303664922,0.7769105623713131,0.35158255481449147,0.3649746077743622,genus,strict
Centrifuger,centrifuger,mhlauto_ms100,mock_comb_fam2,137,52,50,87,2,0.36496350364963503,0.9615384615384616,0.5291005291005291,0.8667547950670483,0.05900137995580706,0.4181265778165346,genus,strict
Centrifuger,centrifuger,mhlauto_ms100,mock_comb_fam3,144,54,54,90,0,0.375,1,0.5454545454545454,0.8760008406607634,0.039808458322294786,0.3730003914601213,genus,strict
Centrifuger,centrifuger,mhlauto_ms500,mock_comb1,51,40,34,17,6,0.6666666666666666,0.85,0.7472527472527473,0.7126457559931096,0.35586296526169753,0.35278150627389926,genus,strict
Centrifuger,centrifuger,mhlauto_ms500,mock_comb2,59,41,37,22,4,0.6271186440677966,0.9024390243902439,0.74,0.8076561362064583,0.184871808999537,0.1774424467739201,genus,strict
Centrifuger,centrifuger,mhlauto_ms500,mock_comb3,62,40,38,24,2,0.6129032258064516,0.95,0.7450980392156863,0.7572899670637163,0.3719727151422238,0.3383200641587763,genus,strict
Centrifuger,centrifuger,mhlauto_ms500,mock_comb_fam1,66,56,46,20,10,0.696969696969697,0.8214285714285714,0.7540983606557378,0.7131693418899895,0.4689865222540887,0.24361926763781933,genus,strict
Centrifuger,centrifuger,mhlauto_ms500,mock_comb_fam2,68,52,44,24,8,0.6470588235294118,0.8461538461538461,0.7333333333333334,0.8228408131039031,0.06563374983286975,0.24110302864005456,genus,strict
Centrifuger,centrifuger,mhlauto_ms500,mock_comb_fam3,72,54,45,27,9,0.625,0.8333333333333334,0.7142857142857143,0.8213238314408262,0.02443802563333014,0.29627724422905466,genus,strict
Kraken2,kraken2,conf0.2_mhg2,mock_comb1,30,40,28,2,12,0.9333333333333333,0.7,0.8,0.3742225875925915,0.7171083662059966,0.44541549196400243,genus,strict
Kraken2,kraken2,conf0.2_mhg2,mock_comb2,30,41,28,2,13,0.9333333333333333,0.6829268292682927,0.7887323943661972,0.4191732744644532,0.6480267421802418,0.34676972482990176,genus,strict
Kraken2,kraken2,conf0.2_mhg2,mock_comb3,36,40,32,4,8,0.8888888888888888,0.8,0.8421052631578948,0.3760399680798836,0.7388429762502703,0.25496120736388966,genus,strict
Kraken2,kraken2,conf0.2_mhg2,mock_comb_fam1,38,56,37,1,19,0.9736842105263158,0.6607142857142857,0.7872340425531915,0.4274512266084317,0.7171517124385067,0.2883554438015321,genus,strict
Kraken2,kraken2,conf0.2_mhg2,mock_comb_fam2,37,52,35,2,17,0.9459459459459459,0.6730769230769231,0.7865168539325843,0.3011653810421162,0.8472171115144479,0.4044089267512984,genus,strict
Kraken2,kraken2,conf0.2_mhg2,mock_comb_fam3,37,54,35,2,19,0.9459459459459459,0.6481481481481481,0.7692307692307693,0.5773165919891026,0.2728646546057343,0.15479199399701046,genus,strict
Kraken2,kraken2,conf0.2_mhg3,mock_comb1,30,40,28,2,12,0.9333333333333333,0.7,0.8,0.3742225875925915,0.7171083662059966,0.44541549196400243,genus,strict
Kraken2,kraken2,conf0.2_mhg3,mock_comb2,30,41,28,2,13,0.9333333333333333,0.6829268292682927,0.7887323943661972,0.4191732744644532,0.6480267421802418,0.34676972482990176,genus,strict
Kraken2,kraken2,conf0.2_mhg3,mock_comb3,36,40,32,4,8,0.8888888888888888,0.8,0.8421052631578948,0.3760399680798836,0.7388429762502703,0.25496120736388966,genus,strict
Kraken2,kraken2,conf0.2_mhg3,mock_comb_fam1,38,56,37,1,19,0.9736842105263158,0.6607142857142857,0.7872340425531915,0.4274512266084317,0.7171517124385067,0.2883554438015321,genus,strict
Kraken2,kraken2,conf0.2_mhg3,mock_comb_fam2,37,52,35,2,17,0.9459459459459459,0.6730769230769231,0.7865168539325843,0.3011653810421162,0.8472171115144479,0.4044089267512984,genus,strict
Kraken2,kraken2,conf0.2_mhg3,mock_comb_fam3,37,54,35,2,19,0.9459459459459459,0.6481481481481481,0.7692307692307693,0.5773165919891026,0.2728646546057343,0.15479199399701046,genus,strict
Kraken2,kraken2,conf0.2_mhg5,mock_comb1,30,40,28,2,12,0.9333333333333333,0.7,0.8,0.3742225875925915,0.7171083662059966,0.44541549196400243,genus,strict
Kraken2,kraken2,conf0.2_mhg5,mock_comb2,30,41,28,2,13,0.9333333333333333,0.6829268292682927,0.7887323943661972,0.4191732744644532,0.6480267421802418,0.34676972482990176,genus,strict
Kraken2,kraken2,conf0.2_mhg5,mock_comb3,36,40,32,4,8,0.8888888888888888,0.8,0.8421052631578948,0.3760399680798836,0.7388429762502703,0.25496120736388966,genus,strict
Kraken2,kraken2,conf0.2_mhg5,mock_comb_fam1,38,56,37,1,19,0.9736842105263158,0.6607142857142857,0.7872340425531915,0.4274512266084317,0.7171517124385067,0.2883554438015321,genus,strict
Kraken2,kraken2,conf0.2_mhg5,mock_comb_fam2,37,52,35,2,17,0.9459459459459459,0.6730769230769231,0.7865168539325843,0.3011653810421162,0.8472171115144479,0.4044089267512984,genus,strict
Kraken2,kraken2,conf0.2_mhg5,mock_comb_fam3,37,54,35,2,19,0.9459459459459459,0.6481481481481481,0.7692307692307693,0.5773165919891026,0.2728646546057343,0.15479199399701046,genus,strict
Kraken2,kraken2,conf0.5_mhg2,mock_comb1,20,40,20,0,20,1,0.5,0.6666666666666666,0.6182118437035116,0.34751264910374485,0.2248023337165099,genus,strict
Kraken2,kraken2,conf0.5_mhg2,mock_comb2,24,41,24,0,17,1,0.5853658536585366,0.7384615384615384,0.6363124373659321,0.28055470911975094,0.2669302617423752,genus,strict
Kraken2,kraken2,conf0.5_mhg2,mock_comb3,27,40,26,1,14,0.9629629629629629,0.65,0.7761194029850746,0.5870185631833029,0.3370322228594982,0.21645336418833164,genus,strict
Kraken2,kraken2,conf0.5_mhg2,mock_comb_fam1,28,56,28,0,28,1,0.5,0.6666666666666666,0.602160460214949,0.7235088424249257,0.17712215309086338,genus,strict
Kraken2,kraken2,conf0.5_mhg2,mock_comb_fam2,25,52,25,0,27,1,0.4807692307692308,0.6493506493506493,0.5392816382808666,0.5591544906640795,0.41641467517977576,genus,strict
Kraken2,kraken2,conf0.5_mhg2,mock_comb_fam3,23,54,23,0,31,1,0.42592592592592593,0.5974025974025974,0.7316158399455424,0.18589267461457382,0.014968462518391025,genus,strict
Kraken2,kraken2,conf0.5_mhg3,mock_comb1,20,40,20,0,20,1,0.5,0.6666666666666666,0.6182118437035116,0.34751264910374485,0.2248023337165099,genus,strict
Kraken2,kraken2,conf0.5_mhg3,mock_comb2,24,41,24,0,17,1,0.5853658536585366,0.7384615384615384,0.6363124373659321,0.28055470911975094,0.2669302617423752,genus,strict
Kraken2,kraken2,conf0.5_mhg3,mock_comb3,27,40,26,1,14,0.9629629629629629,0.65,0.7761194029850746,0.5870185631833029,0.3370322228594982,0.21645336418833164,genus,strict
Kraken2,kraken2,conf0.5_mhg3,mock_comb_fam1,28,56,28,0,28,1,0.5,0.6666666666666666,0.602160460214949,0.7235088424249257,0.17712215309086338,genus,strict
Kraken2,kraken2,conf0.5_mhg3,mock_comb_fam2,25,52,25,0,27,1,0.4807692307692308,0.6493506493506493,0.5392816382808666,0.5591544906640795,0.41641467517977576,genus,strict
Kraken2,kraken2,conf0.5_mhg3,mock_comb_fam3,23,54,23,0,31,1,0.42592592592592593,0.5974025974025974,0.7316158399455424,0.18589267461457382,0.014968462518391025,genus,strict
Kraken2,kraken2,conf0.5_mhg5,mock_comb1,20,40,20,0,20,1,0.5,0.6666666666666666,0.6182118437035116,0.34751264910374485,0.2248023337165099,genus,strict
Kraken2,kraken2,conf0.5_mhg5,mock_comb2,24,41,24,0,17,1,0.5853658536585366,0.7384615384615384,0.6363124373659321,0.28055470911975094,0.2669302617423752,genus,strict
Kraken2,kraken2,conf0.5_mhg5,mock_comb3,27,40,26,1,14,0.9629629629629629,0.65,0.7761194029850746,0.5870185631833029,0.3370322228594982,0.21645336418833164,genus,strict
Kraken2,kraken2,conf0.5_mhg5,mock_comb_fam1,28,56,28,0,28,1,0.5,0.6666666666666666,0.602160460214949,0.7235088424249257,0.17712215309086338,genus,strict
Kraken2,kraken2,conf0.5_mhg5,mock_comb_fam2,25,52,25,0,27,1,0.4807692307692308,0.6493506493506493,0.5392816382808666,0.5591544906640795,0.41641467517977576,genus,strict
Kraken2,kraken2,conf0.5_mhg5,mock_comb_fam3,23,54,23,0,31,1,0.42592592592592593,0.5974025974025974,0.7316158399455424,0.18589267461457382,0.014968462518391025,genus,strict
Kraken2,kraken2,conf0_mhg2,mock_comb1,59,40,39,20,1,0.6610169491525424,0.975,0.7878787878787878,0.5070238177336706,0.8445626213256321,0.7767779755535434,genus,strict
Kraken2,kraken2,conf0_mhg2,mock_comb2,62,41,38,24,3,0.6129032258064516,0.926829268292683,0.7378640776699029,0.7012767594791948,0.32468780930961466,0.48716837824353654,genus,strict
Kraken2,kraken2,conf0_mhg2,mock_comb3,65,40,38,27,2,0.5846153846153846,0.95,0.7238095238095238,0.6537414199802171,0.67956203611566,0.5847625649466951,genus,strict
Kraken2,kraken2,conf0_mhg2,mock_comb_fam1,72,56,53,19,3,0.7361111111111112,0.9464285714285714,0.828125,0.6292867899450658,0.4260132736358435,0.4060438717279138,genus,strict
Kraken2,kraken2,conf0_mhg2,mock_comb_fam2,74,52,49,25,3,0.6621621621621622,0.9423076923076923,0.7777777777777779,0.6093530857492044,0.4685017084720784,0.5765166053095594,genus,strict
Kraken2,kraken2,conf0_mhg2,mock_comb_fam3,73,54,54,19,0,0.7397260273972602,1,0.8503937007874016,0.6533009542823939,0.1917808716753611,0.6065439687481522,genus,strict
Kraken2,kraken2,conf0_mhg3,mock_comb1,43,40,38,5,2,0.8837209302325582,0.95,0.9156626506024096,0.43814637184617705,0.9124094228873281,0.5935200794523201,genus,strict
Kraken2,kraken2,conf0_mhg3,mock_comb2,46,41,37,9,4,0.8043478260869565,0.9024390243902439,0.8505747126436782,0.5909278839239336,0.613068039710752,0.47252752058951747,genus,strict
Kraken2,kraken2,conf0_mhg3,mock_comb3,53,40,37,16,3,0.6981132075471698,0.925,0.7956989247311829,0.5565744681037549,0.7667537347982946,0.6125417884333144,genus,strict
Kraken2,kraken2,conf0_mhg3,mock_comb_fam1,59,56,49,10,7,0.8305084745762712,0.875,0.8521739130434782,0.5594176304408929,0.546155644864332,0.3520570765999435,genus,strict
Kraken2,kraken2,conf0_mhg3,mock_comb_fam2,60,52,49,11,3,0.8166666666666667,0.9423076923076923,0.8749999999999999,0.5520543537229953,0.7070544048710664,0.5071997573093984,genus,strict
Kraken2,kraken2,conf0_mhg3,mock_comb_fam3,62,54,50,12,4,0.8064516129032258,0.9259259259259259,0.8620689655172414,0.5999731625892492,0.19260435155788538,0.4890194912888153,genus,strict
Kraken2,kraken2,conf0_mhg5,mock_comb1,39,40,36,3,4,0.9230769230769231,0.9,0.9113924050632911,0.4211928392783563,0.9098797881799001,0.6023131843283074,genus,strict
Kraken2,kraken2,conf0_mhg5,mock_comb2,40,41,35,5,6,0.875,0.8536585365853658,0.8641975308641976,0.5571483599357222,0.7461709379839604,0.4736094386369955,genus,strict
Kraken2,kraken2,conf0_mhg5,mock_comb3,48,40,37,11,3,0.7708333333333334,0.925,0.840909090909091,0.5151010127554866,0.8438810609240185,0.5977231322851995,genus,strict
Kraken2,kraken2,conf0_mhg5,mock_comb_fam1,50,56,46,4,10,0.92,0.8214285714285714,0.8679245283018867,0.5104495931570986,0.7129379211793425,0.3965177939542031,genus,strict
Kraken2,kraken2,conf0_mhg5,mock_comb_fam2,55,52,47,8,5,0.8545454545454545,0.9038461538461539,0.8785046728971962,0.5137334830203666,0.8488081546030946,0.46925686610454437,genus,strict
Kraken2,kraken2,conf0_mhg5,mock_comb_fam3,56,54,45,11,9,0.8035714285714286,0.8333333333333334,0.8181818181818182,0.5231423172586687,0.6912197297095087,0.4263662475084474,genus,strict
Metabuli,metabuli,prec0_ms0.15_ptax10239,mock_comb1,50,40,36,14,4,0.72,0.9,0.7999999999999999,0.5164651932708233,0.841664010727132,0.5697961664279276,genus,strict
Metabuli,metabuli,prec0_ms0.15_ptax10239,mock_comb2,57,41,37,20,4,0.6491228070175439,0.9024390243902439,0.7551020408163265,0.6667326466336837,0.4271758241285097,0.3755495190424425,genus,strict
Metabuli,metabuli,prec0_ms0.15_ptax10239,mock_comb3,63,40,37,26,3,0.5873015873015873,0.925,0.7184466019417477,0.6350817411179551,0.5392080966066584,0.552047380863315,genus,strict
Metabuli,metabuli,prec0_ms0.15_ptax10239,mock_comb_fam1,60,56,49,11,7,0.8166666666666667,0.875,0.8448275862068966,0.6028637630060777,0.3733668397181854,0.25942555080571134,genus,strict
Metabuli,metabuli,prec0_ms0.15_ptax10239,mock_comb_fam2,67,52,46,21,6,0.6865671641791045,0.8846153846153846,0.773109243697479,0.577257913171987,0.7383380611726528,0.4510746794263937,genus,strict
Metabuli,metabuli,prec0_ms0.15_ptax10239,mock_comb_fam3,64,54,46,18,8,0.71875,0.8518518518518519,0.7796610169491525,0.610200145369282,0.38609444625718636,0.4229624128470271,genus,strict
Metabuli,metabuli,prec0_ms0.15_ptaxnone,mock_comb1,50,40,36,14,4,0.72,0.9,0.7999999999999999,0.5164651932708233,0.841664010727132,0.5697961664279276,genus,strict
Metabuli,metabuli,prec0_ms0.15_ptaxnone,mock_comb2,57,41,37,20,4,0.6491228070175439,0.9024390243902439,0.7551020408163265,0.6667326466336837,0.4271758241285097,0.3755495190424425,genus,strict
Metabuli,metabuli,prec0_ms0.15_ptaxnone,mock_comb3,63,40,37,26,3,0.5873015873015873,0.925,0.7184466019417477,0.6350817411179551,0.5392080966066584,0.552047380863315,genus,strict
Metabuli,metabuli,prec0_ms0.15_ptaxnone,mock_comb_fam1,60,56,49,11,7,0.8166666666666667,0.875,0.8448275862068966,0.6028637630060777,0.3733668397181854,0.25942555080571134,genus,strict
Metabuli,metabuli,prec0_ms0.15_ptaxnone,mock_comb_fam2,67,52,46,21,6,0.6865671641791045,0.8846153846153846,0.773109243697479,0.577257913171987,0.7383380611726528,0.4510746794263937,genus,strict
Metabuli,metabuli,prec0_ms0.15_ptaxnone,mock_comb_fam3,64,54,46,18,8,0.71875,0.8518518518518519,0.7796610169491525,0.610200145369282,0.38609444625718636,0.4229624128470271,genus,strict
Metabuli,metabuli,prec0_ms0_ptax10239,mock_comb1,199,40,40,159,0,0.20100502512562815,1,0.3347280334728034,0.7610326020400474,0.1595318186881133,0.44012562026824187,genus,strict
Metabuli,metabuli,prec0_ms0_ptax10239,mock_comb2,212,41,41,171,0,0.19339622641509435,1,0.3241106719367589,0.8461855116856459,0.056881043293622396,0.30006979442571663,genus,strict
Metabuli,metabuli,prec0_ms0_ptax10239,mock_comb3,207,40,39,168,1,0.18840579710144928,0.975,0.3157894736842105,0.8314156380046572,0.1555943851049499,0.323853255014763,genus,strict
Metabuli,metabuli,prec0_ms0_ptax10239,mock_comb_fam1,216,56,56,160,0,0.25925925925925924,1,0.4117647058823529,0.8426774861644937,-0.002725605786421858,0.263244879771329,genus,strict
Metabuli,metabuli,prec0_ms0_ptax10239,mock_comb_fam2,227,52,52,175,0,0.2290748898678414,1,0.3727598566308244,0.84457639127324,0.022969874102055518,0.2981763810694586,genus,strict
Metabuli,metabuli,prec0_ms0_ptax10239,mock_comb_fam3,230,54,53,177,1,0.23043478260869565,0.9814814814814815,0.3732394366197183,0.8318913078258604,0.08967598460635685,0.3075874395148922,genus,strict
Metabuli,metabuli,prec0_ms0_ptaxnone,mock_comb1,199,40,40,159,0,0.20100502512562815,1,0.3347280334728034,0.7610326020400474,0.1595318186881133,0.44012562026824187,genus,strict
Metabuli,metabuli,prec0_ms0_ptaxnone,mock_comb2,212,41,41,171,0,0.19339622641509435,1,0.3241106719367589,0.8461855116856459,0.056881043293622396,0.30006979442571663,genus,strict
Metabuli,metabuli,prec0_ms0_ptaxnone,mock_comb3,207,40,39,168,1,0.18840579710144928,0.975,0.3157894736842105,0.8314156380046572,0.1555943851049499,0.323853255014763,genus,strict
Metabuli,metabuli,prec0_ms0_ptaxnone,mock_comb_fam1,216,56,56,160,0,0.25925925925925924,1,0.4117647058823529,0.8426774861644937,-0.002725605786421858,0.263244879771329,genus,strict
Metabuli,metabuli,prec0_ms0_ptaxnone,mock_comb_fam2,227,52,52,175,0,0.2290748898678414,1,0.3727598566308244,0.84457639127324,0.022969874102055518,0.2981763810694586,genus,strict
Metabuli,metabuli,prec0_ms0_ptaxnone,mock_comb_fam3,230,54,53,177,1,0.23043478260869565,0.9814814814814815,0.3732394366197183,0.8318913078258604,0.08967598460635685,0.3075874395148922,genus,strict
Metabuli,metabuli,prec1_ms0.15_ptax10239,mock_comb1,49,40,36,13,4,0.7346938775510204,0.9,0.8089887640449438,0.5189905818035162,0.8355149146579356,0.5613809122287022,genus,strict
Metabuli,metabuli,prec1_ms0.15_ptax10239,mock_comb2,57,41,37,20,4,0.6491228070175439,0.9024390243902439,0.7551020408163265,0.6665268751691783,0.41902995257282916,0.3767688268254876,genus,strict
Metabuli,metabuli,prec1_ms0.15_ptax10239,mock_comb3,62,40,37,25,3,0.5967741935483871,0.925,0.7254901960784315,0.6396653259491827,0.5274344465303813,0.5322285671123731,genus,strict
Metabuli,metabuli,prec1_ms0.15_ptax10239,mock_comb_fam1,59,56,49,10,7,0.8305084745762712,0.875,0.8521739130434782,0.6053953886617363,0.3738925697912527,0.2667239559479744,genus,strict
Metabuli,metabuli,prec1_ms0.15_ptax10239,mock_comb_fam2,67,52,46,21,6,0.6865671641791045,0.8846153846153846,0.773109243697479,0.5762473199422102,0.7400749010807904,0.46926496527602035,genus,strict
Metabuli,metabuli,prec1_ms0.15_ptax10239,mock_comb_fam3,62,54,46,16,8,0.7419354838709677,0.8518518518518519,0.7931034482758621,0.6138370247656968,0.3726106520982241,0.39343713156939086,genus,strict
Metabuli,metabuli,prec1_ms0.15_ptaxnone,mock_comb1,49,40,36,13,4,0.7346938775510204,0.9,0.8089887640449438,0.5189905818035162,0.8355149146579356,0.5613809122287022,genus,strict
Metabuli,metabuli,prec1_ms0.15_ptaxnone,mock_comb2,57,41,37,20,4,0.6491228070175439,0.9024390243902439,0.7551020408163265,0.6665268751691783,0.41902995257282916,0.3767688268254876,genus,strict
Metabuli,metabuli,prec1_ms0.15_ptaxnone,mock_comb3,62,40,37,25,3,0.5967741935483871,0.925,0.7254901960784315,0.6396653259491827,0.5274344465303813,0.5322285671123731,genus,strict
Metabuli,metabuli,prec1_ms0.15_ptaxnone,mock_comb_fam1,59,56,49,10,7,0.8305084745762712,0.875,0.8521739130434782,0.6053953886617363,0.3738925697912527,0.2667239559479744,genus,strict
Metabuli,metabuli,prec1_ms0.15_ptaxnone,mock_comb_fam2,67,52,46,21,6,0.6865671641791045,0.8846153846153846,0.773109243697479,0.5762473199422102,0.7400749010807904,0.46926496527602035,genus,strict
Metabuli,metabuli,prec1_ms0.15_ptaxnone,mock_comb_fam3,62,54,46,16,8,0.7419354838709677,0.8518518518518519,0.7931034482758621,0.6138370247656968,0.3726106520982241,0.39343713156939086,genus,strict
Metabuli,metabuli,prec1_ms0_ptax10239,mock_comb1,49,40,36,13,4,0.7346938775510204,0.9,0.8089887640449438,0.5189905818035162,0.8355149146579356,0.5613809122287022,genus,strict
Metabuli,metabuli,prec1_ms0_ptax10239,mock_comb2,57,41,37,20,4,0.6491228070175439,0.9024390243902439,0.7551020408163265,0.6665268751691783,0.41902995257282916,0.3767688268254876,genus,strict
Metabuli,metabuli,prec1_ms0_ptax10239,mock_comb3,62,40,37,25,3,0.5967741935483871,0.925,0.7254901960784315,0.6396653259491827,0.5274344465303813,0.5322285671123731,genus,strict
Metabuli,metabuli,prec1_ms0_ptax10239,mock_comb_fam1,59,56,49,10,7,0.8305084745762712,0.875,0.8521739130434782,0.6053953886617363,0.3738925697912527,0.2667239559479744,genus,strict
Metabuli,metabuli,prec1_ms0_ptax10239,mock_comb_fam2,67,52,46,21,6,0.6865671641791045,0.8846153846153846,0.773109243697479,0.5762473199422102,0.7400749010807904,0.46926496527602035,genus,strict
Metabuli,metabuli,prec1_ms0_ptax10239,mock_comb_fam3,62,54,46,16,8,0.7419354838709677,0.8518518518518519,0.7931034482758621,0.6138370247656968,0.3726106520982241,0.39343713156939086,genus,strict
Metabuli,metabuli,prec1_ms0_ptaxnone,mock_comb1,49,40,36,13,4,0.7346938775510204,0.9,0.8089887640449438,0.5189905818035162,0.8355149146579356,0.5613809122287022,genus,strict
Metabuli,metabuli,prec1_ms0_ptaxnone,mock_comb2,57,41,37,20,4,0.6491228070175439,0.9024390243902439,0.7551020408163265,0.6665268751691783,0.41902995257282916,0.3767688268254876,genus,strict
Metabuli,metabuli,prec1_ms0_ptaxnone,mock_comb3,62,40,37,25,3,0.5967741935483871,0.925,0.7254901960784315,0.6396653259491827,0.5274344465303813,0.5322285671123731,genus,strict
Metabuli,metabuli,prec1_ms0_ptaxnone,mock_comb_fam1,59,56,49,10,7,0.8305084745762712,0.875,0.8521739130434782,0.6053953886617363,0.3738925697912527,0.2667239559479744,genus,strict
Metabuli,metabuli,prec1_ms0_ptaxnone,mock_comb_fam2,67,52,46,21,6,0.6865671641791045,0.8846153846153846,0.773109243697479,0.5762473199422102,0.7400749010807904,0.46926496527602035,genus,strict
Metabuli,metabuli,prec1_ms0_ptaxnone,mock_comb_fam3,62,54,46,16,8,0.7419354838709677,0.8518518518518519,0.7931034482758621,0.6138370247656968,0.3726106520982241,0.39343713156939086,genus,strict
Sylph,sylph,mnk10,mock_comb1,17,40,17,0,23,1,0.425,0.5964912280701754,0.5499987103046396,0.5510838924970307,0.39747826232820177,genus,strict
Sylph,sylph,mnk10,mock_comb2,18,41,18,0,23,1,0.43902439024390244,0.6101694915254238,0.5234071815224445,0.6013213194329476,0.29936623119278993,genus,strict
Sylph,sylph,mnk10,mock_comb3,21,40,21,0,19,1,0.525,0.6885245901639345,0.4211254457238918,0.6952491457681447,0.2716315025480389,genus,strict
Sylph,sylph,mnk10,mock_comb_fam1,20,56,20,0,36,1,0.35714285714285715,0.5263157894736842,0.5783302573010533,0.7022939662827541,0.3116401717259208,genus,strict
Sylph,sylph,mnk10,mock_comb_fam2,17,52,17,0,35,1,0.3269230769230769,0.4927536231884058,0.5613832797835164,0.5502658141594717,0.3944883280839285,genus,strict
Sylph,sylph,mnk10,mock_comb_fam3,18,54,18,0,36,1,0.3333333333333333,0.5,0.7224944880169516,0.12643849656501774,-0.007658032188124138,genus,strict
Sylph,sylph,mnk20,mock_comb1,12,40,12,0,28,1,0.3,0.4615384615384615,0.5561428261815772,0.574909624889655,0.5447106802069965,genus,strict
Sylph,sylph,mnk20,mock_comb2,16,41,16,0,25,1,0.3902439024390244,0.5614035087719299,0.5453458236024034,0.6443258228969873,0.2859369462634966,genus,strict
Sylph,sylph,mnk20,mock_comb3,16,40,16,0,24,1,0.4,0.5714285714285715,0.5085672587601137,0.6982697034195623,0.21416728149975284,genus,strict
Sylph,sylph,mnk20,mock_comb_fam1,17,56,17,0,39,1,0.30357142857142855,0.4657534246575342,0.6026781298156276,0.7032055359195681,0.3525509985890417,genus,strict
Sylph,sylph,mnk20,mock_comb_fam2,15,52,15,0,37,1,0.28846153846153844,0.44776119402985076,0.5785494211394201,0.5643532963132437,0.45394015404098753,genus,strict
Sylph,sylph,mnk20,mock_comb_fam3,14,54,14,0,40,1,0.25925925925925924,0.4117647058823529,0.8378560972863415,-0.071103377799115,-0.061807382075966665,genus,strict
Sylph,sylph,mnk50,mock_comb1,8,40,8,0,32,1,0.2,0.33333333333333337,0.6166424215904412,0.5341008736823246,0.26192696142839433,genus,strict
Sylph,sylph,mnk50,mock_comb2,4,41,4,0,37,1,0.0975609756097561,0.17777777777777776,0.7967687074829934,0.5823979909753727,0.2550183074997818,genus,strict
Sylph,sylph,mnk50,mock_comb3,9,40,9,0,31,1,0.225,0.36734693877551017,0.6436062524559969,0.7356429421002297,0.13523393965568942,genus,strict
Sylph,sylph,mnk50,mock_comb_fam1,7,56,7,0,49,1,0.125,0.2222222222222222,0.8623385083052871,0.13082491122761997,0.1802155752735224,genus,strict
Sylph,sylph,mnk50,mock_comb_fam2,8,52,8,0,44,1,0.15384615384615385,0.2666666666666667,0.7494711679708232,0.3749404107566094,0.3280805276284871,genus,strict
Sylph,sylph,mnk50,mock_comb_fam3,11,54,11,0,43,1,0.2037037037037037,0.3384615384615384,0.8621776826933903,-0.04306761344938024,0.010620053833112523,genus,strict
EsViritu,esviritu,sense,mock_comb1,40,40,40,0,0,1,1,1,0.1617592540878355,0.9530047429345397,0.7257625559884907,genus,capped
EsViritu,esviritu,sense,mock_comb2,42,41,41,1,0,0.9761904761904762,1,0.9879518072289156,0.20654424474819708,0.8946620848002548,0.8022779946693845,genus,capped
EsViritu,esviritu,sense,mock_comb3,42,40,40,2,0,0.9523809523809523,1,0.975609756097561,0.17657930865632104,0.932872810965084,0.8490191337882825,genus,capped
EsViritu,esviritu,sense,mock_comb_fam1,56,56,56,0,0,1,1,1,0.20712836808965207,0.8780521848623861,0.6078364389447906,genus,capped
EsViritu,esviritu,sense,mock_comb_fam2,52,52,52,0,0,1,1,1,0.18136390547362716,0.9272383683777573,0.7135781409452392,genus,capped
EsViritu,esviritu,sense,mock_comb_fam3,54,54,54,0,0,1,1,1,0.18623272341432245,0.8810180133968188,0.7174070731136412,genus,capped
EsViritu,esviritu,sr,mock_comb1,33,40,33,0,7,1,0.825,0.9041095890410958,0.2670868482962882,0.8663824371391079,0.5806970395818057,genus,capped
EsViritu,esviritu,sr,mock_comb2,36,41,36,0,5,1,0.8780487804878049,0.9350649350649352,0.3361635697765676,0.737837911492422,0.5574509188392434,genus,capped
EsViritu,esviritu,sr,mock_comb3,37,40,37,0,3,1,0.925,0.961038961038961,0.27426311802108716,0.8528952487641657,0.5411289997777682,genus,capped
EsViritu,esviritu,sr,mock_comb_fam1,47,56,47,0,9,1,0.8392857142857143,0.9126213592233009,0.32289588683893167,0.8318343094461286,0.5005232709003072,genus,capped
EsViritu,esviritu,sr,mock_comb_fam2,47,52,47,0,5,1,0.9038461538461539,0.9494949494949495,0.2775535969376589,0.8878968209015357,0.4959306774203295,genus,capped
EsViritu,esviritu,sr,mock_comb_fam3,45,54,45,0,9,1,0.8333333333333334,0.9090909090909091,0.30396291388591834,0.724644015538173,0.49686718146189446,genus,capped
Centrifuger,centrifuger,mhl100_ms0,mock_comb1,22,40,21,1,19,0.9545454545454546,0.525,0.6774193548387099,0.5854007996672587,0.22964848189040943,0.18585884915494613,genus,capped
Centrifuger,centrifuger,mhl100_ms0,mock_comb2,26,41,23,3,18,0.8846153846153846,0.5609756097560976,0.6865671641791045,0.663499541315233,0.17201110137680908,0.1308925087668956,genus,capped
Centrifuger,centrifuger,mhl100_ms0,mock_comb3,29,40,26,3,14,0.896551724137931,0.65,0.7536231884057972,0.6211141493359045,0.23857047600836745,0.07023964782000292,genus,capped
Centrifuger,centrifuger,mhl100_ms0,mock_comb_fam1,28,56,25,3,31,0.8928571428571429,0.44642857142857145,0.5952380952380952,0.5109896502508213,0.6865602365546511,0.1656760078010355,genus,capped
Centrifuger,centrifuger,mhl100_ms0,mock_comb_fam2,24,52,23,1,29,0.9583333333333334,0.4423076923076923,0.6052631578947368,0.5409089898479501,0.4219524015885603,0.3414591436233155,genus,capped
Centrifuger,centrifuger,mhl100_ms0,mock_comb_fam3,23,54,22,1,32,0.9565217391304348,0.4074074074074074,0.5714285714285714,0.6348402686528812,0.17589503281889263,-0.051379230068498934,genus,capped
Centrifuger,centrifuger,mhl100_ms100,mock_comb1,22,40,21,1,19,0.9545454545454546,0.525,0.6774193548387099,0.5854007996672587,0.22964848189040943,0.18585884915494613,genus,capped
Centrifuger,centrifuger,mhl100_ms100,mock_comb2,26,41,23,3,18,0.8846153846153846,0.5609756097560976,0.6865671641791045,0.663499541315233,0.17201110137680908,0.1308925087668956,genus,capped
Centrifuger,centrifuger,mhl100_ms100,mock_comb3,29,40,26,3,14,0.896551724137931,0.65,0.7536231884057972,0.6211141493359045,0.23857047600836745,0.07023964782000292,genus,capped
Centrifuger,centrifuger,mhl100_ms100,mock_comb_fam1,28,56,25,3,31,0.8928571428571429,0.44642857142857145,0.5952380952380952,0.5109896502508213,0.6865602365546511,0.1656760078010355,genus,capped
Centrifuger,centrifuger,mhl100_ms100,mock_comb_fam2,24,52,23,1,29,0.9583333333333334,0.4423076923076923,0.6052631578947368,0.5409089898479501,0.4219524015885603,0.3414591436233155,genus,capped
Centrifuger,centrifuger,mhl100_ms100,mock_comb_fam3,23,54,22,1,32,0.9565217391304348,0.4074074074074074,0.5714285714285714,0.6348402686528812,0.17589503281889263,-0.051379230068498934,genus,capped
Centrifuger,centrifuger,mhl100_ms500,mock_comb1,22,40,21,1,19,0.9545454545454546,0.525,0.6774193548387099,0.5854007996672587,0.22964848189040943,0.18585884915494613,genus,capped
Centrifuger,centrifuger,mhl100_ms500,mock_comb2,26,41,23,3,18,0.8846153846153846,0.5609756097560976,0.6865671641791045,0.663499541315233,0.17201110137680908,0.1308925087668956,genus,capped
Centrifuger,centrifuger,mhl100_ms500,mock_comb3,29,40,26,3,14,0.896551724137931,0.65,0.7536231884057972,0.6211141493359045,0.23857047600836745,0.07023964782000292,genus,capped
Centrifuger,centrifuger,mhl100_ms500,mock_comb_fam1,28,56,25,3,31,0.8928571428571429,0.44642857142857145,0.5952380952380952,0.5109896502508213,0.6865602365546511,0.1656760078010355,genus,capped
Centrifuger,centrifuger,mhl100_ms500,mock_comb_fam2,24,52,23,1,29,0.9583333333333334,0.4423076923076923,0.6052631578947368,0.5409089898479501,0.4219524015885603,0.3414591436233155,genus,capped
Centrifuger,centrifuger,mhl100_ms500,mock_comb_fam3,23,54,22,1,32,0.9565217391304348,0.4074074074074074,0.5714285714285714,0.6348402686528812,0.17589503281889263,-0.051379230068498934,genus,capped
Centrifuger,centrifuger,mhl50_ms0,mock_comb1,36,40,30,6,10,0.8333333333333334,0.75,0.7894736842105262,0.6960979453230423,0.3238564343629834,0.41382526077649623,genus,capped
Centrifuger,centrifuger,mhl50_ms0,mock_comb2,39,41,33,6,8,0.8461538461538461,0.8048780487804879,0.8250000000000001,0.7350686017822253,0.21793470516647886,0.2941008282113611,genus,capped
Centrifuger,centrifuger,mhl50_ms0,mock_comb3,40,40,32,8,8,0.8,0.8,0.8000000000000002,0.7212457058710905,0.35975044523211663,0.2125814632808425,genus,capped
Centrifuger,centrifuger,mhl50_ms0,mock_comb_fam1,45,56,37,8,19,0.8222222222222222,0.6607142857142857,0.7326732673267325,0.6612937455690595,0.5280004043531854,0.26169807325620487,genus,capped
Centrifuger,centrifuger,mhl50_ms0,mock_comb_fam2,41,52,33,8,19,0.8048780487804879,0.6346153846153846,0.7096774193548387,0.7872082815532976,0.08760717750763015,0.2914208920766721,genus,capped
Centrifuger,centrifuger,mhl50_ms0,mock_comb_fam3,49,54,38,11,16,0.7755102040816326,0.7037037037037037,0.7378640776699029,0.7512479605451794,-0.008994485680320293,0.1459639649941767,genus,capped
Centrifuger,centrifuger,mhl50_ms100,mock_comb1,36,40,30,6,10,0.8333333333333334,0.75,0.7894736842105262,0.6960979453230423,0.3238564343629834,0.41382526077649623,genus,capped
Centrifuger,centrifuger,mhl50_ms100,mock_comb2,39,41,33,6,8,0.8461538461538461,0.8048780487804879,0.8250000000000001,0.7350686017822253,0.21793470516647886,0.2941008282113611,genus,capped
Centrifuger,centrifuger,mhl50_ms100,mock_comb3,40,40,32,8,8,0.8,0.8,0.8000000000000002,0.7212457058710905,0.35975044523211663,0.2125814632808425,genus,capped
Centrifuger,centrifuger,mhl50_ms100,mock_comb_fam1,45,56,37,8,19,0.8222222222222222,0.6607142857142857,0.7326732673267325,0.6612937455690595,0.5280004043531854,0.26169807325620487,genus,capped
Centrifuger,centrifuger,mhl50_ms100,mock_comb_fam2,41,52,33,8,19,0.8048780487804879,0.6346153846153846,0.7096774193548387,0.7872082815532976,0.08760717750763015,0.2914208920766721,genus,capped
Centrifuger,centrifuger,mhl50_ms100,mock_comb_fam3,49,54,38,11,16,0.7755102040816326,0.7037037037037037,0.7378640776699029,0.7512479605451794,-0.008994485680320293,0.1459639649941767,genus,capped
Centrifuger,centrifuger,mhl50_ms500,mock_comb1,36,40,30,6,10,0.8333333333333334,0.75,0.7894736842105262,0.6960979453230423,0.3238564343629834,0.41382526077649623,genus,capped
Centrifuger,centrifuger,mhl50_ms500,mock_comb2,39,41,33,6,8,0.8461538461538461,0.8048780487804879,0.8250000000000001,0.7350686017822253,0.21793470516647886,0.2941008282113611,genus,capped
Centrifuger,centrifuger,mhl50_ms500,mock_comb3,40,40,32,8,8,0.8,0.8,0.8000000000000002,0.7212457058710905,0.35975044523211663,0.2125814632808425,genus,capped
Centrifuger,centrifuger,mhl50_ms500,mock_comb_fam1,45,56,37,8,19,0.8222222222222222,0.6607142857142857,0.7326732673267325,0.6612937455690595,0.5280004043531854,0.26169807325620487,genus,capped
Centrifuger,centrifuger,mhl50_ms500,mock_comb_fam2,41,52,33,8,19,0.8048780487804879,0.6346153846153846,0.7096774193548387,0.7872082815532976,0.08760717750763015,0.2914208920766721,genus,capped
Centrifuger,centrifuger,mhl50_ms500,mock_comb_fam3,49,54,38,11,16,0.7755102040816326,0.7037037037037037,0.7378640776699029,0.7512479605451794,-0.008994485680320293,0.1459639649941767,genus,capped
Centrifuger,centrifuger,mhlauto_ms0,mock_comb1,249,40,40,209,0,0.1606425702811245,1,0.2768166089965398,0.7936548969599807,0.34835077242133444,0.4450916227741267,genus,capped
Centrifuger,centrifuger,mhlauto_ms0,mock_comb2,274,41,41,233,0,0.14963503649635038,1,0.26031746031746034,0.8835147985422763,0.18912710886149042,0.34246155670399525,genus,capped
Centrifuger,centrifuger,mhlauto_ms0,mock_comb3,251,40,38,213,2,0.15139442231075698,0.95,0.26116838487972505,0.8544214388460495,0.29166119951959973,0.34065269305669343,genus,capped
Centrifuger,centrifuger,mhlauto_ms0,mock_comb_fam1,259,56,55,204,1,0.21235521235521235,0.9821428571428571,0.3492063492063492,0.8117615066976545,0.29497311021227307,0.3967650758771326,genus,capped
Centrifuger,centrifuger,mhlauto_ms0,mock_comb_fam2,261,52,52,209,0,0.19923371647509577,1,0.33226837060702874,0.8852406424023923,0.08689821918915146,0.3926148572196204,genus,capped
Centrifuger,centrifuger,mhlauto_ms0,mock_comb_fam3,262,54,54,208,0,0.20610687022900764,1,0.34177215189873417,0.8608095776786195,0.1042097373894756,0.35332345160686374,genus,capped
Centrifuger,centrifuger,mhlauto_ms100,mock_comb1,125,40,40,85,0,0.32,1,0.48484848484848486,0.7665807154732245,0.338969860459025,0.4727464469209503,genus,capped
Centrifuger,centrifuger,mhlauto_ms100,mock_comb2,138,41,41,97,0,0.2971014492753623,1,0.45810055865921784,0.8763790725012346,0.16338222881495268,0.3353934502052707,genus,capped
Centrifuger,centrifuger,mhlauto_ms100,mock_comb3,129,40,38,91,2,0.29457364341085274,0.95,0.44970414201183434,0.8333034144228715,0.2795595393062276,0.42439394545327064,genus,capped
Centrifuger,centrifuger,mhlauto_ms100,mock_comb_fam1,135,56,55,80,1,0.4074074074074074,0.9821428571428571,0.5759162303664922,0.7769105623713131,0.35158255481449147,0.3649746077743622,genus,capped
Centrifuger,centrifuger,mhlauto_ms100,mock_comb_fam2,137,52,50,87,2,0.36496350364963503,0.9615384615384616,0.5291005291005291,0.8667547950670483,0.05900137995580706,0.4181265778165346,genus,capped
Centrifuger,centrifuger,mhlauto_ms100,mock_comb_fam3,144,54,54,90,0,0.375,1,0.5454545454545454,0.8760008406607634,0.039808458322294786,0.3730003914601213,genus,capped
Centrifuger,centrifuger,mhlauto_ms500,mock_comb1,51,40,34,17,6,0.6666666666666666,0.85,0.7472527472527473,0.7126457559931096,0.35586296526169753,0.35278150627389926,genus,capped
Centrifuger,centrifuger,mhlauto_ms500,mock_comb2,59,41,37,22,4,0.6271186440677966,0.9024390243902439,0.74,0.8076561362064583,0.184871808999537,0.1774424467739201,genus,capped
Centrifuger,centrifuger,mhlauto_ms500,mock_comb3,62,40,38,24,2,0.6129032258064516,0.95,0.7450980392156863,0.7572899670637163,0.3719727151422238,0.3383200641587763,genus,capped
Centrifuger,centrifuger,mhlauto_ms500,mock_comb_fam1,66,56,46,20,10,0.696969696969697,0.8214285714285714,0.7540983606557378,0.7131693418899895,0.4689865222540887,0.24361926763781933,genus,capped
Centrifuger,centrifuger,mhlauto_ms500,mock_comb_fam2,68,52,44,24,8,0.6470588235294118,0.8461538461538461,0.7333333333333334,0.8228408131039031,0.06563374983286975,0.24110302864005456,genus,capped
Centrifuger,centrifuger,mhlauto_ms500,mock_comb_fam3,72,54,45,27,9,0.625,0.8333333333333334,0.7142857142857143,0.8213238314408262,0.02443802563333014,0.29627724422905466,genus,capped
Kraken2,kraken2,conf0.2_mhg2,mock_comb1,30,40,28,2,12,0.9333333333333333,0.7,0.8,0.3742225875925915,0.7171083662059966,0.44541549196400243,genus,capped
Kraken2,kraken2,conf0.2_mhg2,mock_comb2,30,41,28,2,13,0.9333333333333333,0.6829268292682927,0.7887323943661972,0.4191732744644532,0.6480267421802418,0.34676972482990176,genus,capped
Kraken2,kraken2,conf0.2_mhg2,mock_comb3,36,40,32,4,8,0.8888888888888888,0.8,0.8421052631578948,0.3760399680798836,0.7388429762502703,0.25496120736388966,genus,capped
Kraken2,kraken2,conf0.2_mhg2,mock_comb_fam1,38,56,37,1,19,0.9736842105263158,0.6607142857142857,0.7872340425531915,0.4274512266084317,0.7171517124385067,0.2883554438015321,genus,capped
Kraken2,kraken2,conf0.2_mhg2,mock_comb_fam2,37,52,35,2,17,0.9459459459459459,0.6730769230769231,0.7865168539325843,0.3011653810421162,0.8472171115144479,0.4044089267512984,genus,capped
Kraken2,kraken2,conf0.2_mhg2,mock_comb_fam3,37,54,35,2,19,0.9459459459459459,0.6481481481481481,0.7692307692307693,0.5773165919891026,0.2728646546057343,0.15479199399701046,genus,capped
Kraken2,kraken2,conf0.2_mhg3,mock_comb1,30,40,28,2,12,0.9333333333333333,0.7,0.8,0.3742225875925915,0.7171083662059966,0.44541549196400243,genus,capped
Kraken2,kraken2,conf0.2_mhg3,mock_comb2,30,41,28,2,13,0.9333333333333333,0.6829268292682927,0.7887323943661972,0.4191732744644532,0.6480267421802418,0.34676972482990176,genus,capped
Kraken2,kraken2,conf0.2_mhg3,mock_comb3,36,40,32,4,8,0.8888888888888888,0.8,0.8421052631578948,0.3760399680798836,0.7388429762502703,0.25496120736388966,genus,capped
Kraken2,kraken2,conf0.2_mhg3,mock_comb_fam1,38,56,37,1,19,0.9736842105263158,0.6607142857142857,0.7872340425531915,0.4274512266084317,0.7171517124385067,0.2883554438015321,genus,capped
Kraken2,kraken2,conf0.2_mhg3,mock_comb_fam2,37,52,35,2,17,0.9459459459459459,0.6730769230769231,0.7865168539325843,0.3011653810421162,0.8472171115144479,0.4044089267512984,genus,capped
Kraken2,kraken2,conf0.2_mhg3,mock_comb_fam3,37,54,35,2,19,0.9459459459459459,0.6481481481481481,0.7692307692307693,0.5773165919891026,0.2728646546057343,0.15479199399701046,genus,capped
Kraken2,kraken2,conf0.2_mhg5,mock_comb1,30,40,28,2,12,0.9333333333333333,0.7,0.8,0.3742225875925915,0.7171083662059966,0.44541549196400243,genus,capped
Kraken2,kraken2,conf0.2_mhg5,mock_comb2,30,41,28,2,13,0.9333333333333333,0.6829268292682927,0.7887323943661972,0.4191732744644532,0.6480267421802418,0.34676972482990176,genus,capped
Kraken2,kraken2,conf0.2_mhg5,mock_comb3,36,40,32,4,8,0.8888888888888888,0.8,0.8421052631578948,0.3760399680798836,0.7388429762502703,0.25496120736388966,genus,capped
Kraken2,kraken2,conf0.2_mhg5,mock_comb_fam1,38,56,37,1,19,0.9736842105263158,0.6607142857142857,0.7872340425531915,0.4274512266084317,0.7171517124385067,0.2883554438015321,genus,capped
Kraken2,kraken2,conf0.2_mhg5,mock_comb_fam2,37,52,35,2,17,0.9459459459459459,0.6730769230769231,0.7865168539325843,0.3011653810421162,0.8472171115144479,0.4044089267512984,genus,capped
Kraken2,kraken2,conf0.2_mhg5,mock_comb_fam3,37,54,35,2,19,0.9459459459459459,0.6481481481481481,0.7692307692307693,0.5773165919891026,0.2728646546057343,0.15479199399701046,genus,capped
Kraken2,kraken2,conf0.5_mhg2,mock_comb1,20,40,20,0,20,1,0.5,0.6666666666666666,0.6182118437035116,0.34751264910374485,0.2248023337165099,genus,capped
Kraken2,kraken2,conf0.5_mhg2,mock_comb2,24,41,24,0,17,1,0.5853658536585366,0.7384615384615384,0.6363124373659321,0.28055470911975094,0.2669302617423752,genus,capped
Kraken2,kraken2,conf0.5_mhg2,mock_comb3,27,40,26,1,14,0.9629629629629629,0.65,0.7761194029850746,0.5870185631833029,0.3370322228594982,0.21645336418833164,genus,capped
Kraken2,kraken2,conf0.5_mhg2,mock_comb_fam1,28,56,28,0,28,1,0.5,0.6666666666666666,0.602160460214949,0.7235088424249257,0.17712215309086338,genus,capped
Kraken2,kraken2,conf0.5_mhg2,mock_comb_fam2,25,52,25,0,27,1,0.4807692307692308,0.6493506493506493,0.5392816382808666,0.5591544906640795,0.41641467517977576,genus,capped
Kraken2,kraken2,conf0.5_mhg2,mock_comb_fam3,23,54,23,0,31,1,0.42592592592592593,0.5974025974025974,0.7316158399455424,0.18589267461457382,0.014968462518391025,genus,capped
Kraken2,kraken2,conf0.5_mhg3,mock_comb1,20,40,20,0,20,1,0.5,0.6666666666666666,0.6182118437035116,0.34751264910374485,0.2248023337165099,genus,capped
Kraken2,kraken2,conf0.5_mhg3,mock_comb2,24,41,24,0,17,1,0.5853658536585366,0.7384615384615384,0.6363124373659321,0.28055470911975094,0.2669302617423752,genus,capped
Kraken2,kraken2,conf0.5_mhg3,mock_comb3,27,40,26,1,14,0.9629629629629629,0.65,0.7761194029850746,0.5870185631833029,0.3370322228594982,0.21645336418833164,genus,capped
Kraken2,kraken2,conf0.5_mhg3,mock_comb_fam1,28,56,28,0,28,1,0.5,0.6666666666666666,0.602160460214949,0.7235088424249257,0.17712215309086338,genus,capped
Kraken2,kraken2,conf0.5_mhg3,mock_comb_fam2,25,52,25,0,27,1,0.4807692307692308,0.6493506493506493,0.5392816382808666,0.5591544906640795,0.41641467517977576,genus,capped
Kraken2,kraken2,conf0.5_mhg3,mock_comb_fam3,23,54,23,0,31,1,0.42592592592592593,0.5974025974025974,0.7316158399455424,0.18589267461457382,0.014968462518391025,genus,capped
Kraken2,kraken2,conf0.5_mhg5,mock_comb1,20,40,20,0,20,1,0.5,0.6666666666666666,0.6182118437035116,0.34751264910374485,0.2248023337165099,genus,capped
Kraken2,kraken2,conf0.5_mhg5,mock_comb2,24,41,24,0,17,1,0.5853658536585366,0.7384615384615384,0.6363124373659321,0.28055470911975094,0.2669302617423752,genus,capped
Kraken2,kraken2,conf0.5_mhg5,mock_comb3,27,40,26,1,14,0.9629629629629629,0.65,0.7761194029850746,0.5870185631833029,0.3370322228594982,0.21645336418833164,genus,capped
Kraken2,kraken2,conf0.5_mhg5,mock_comb_fam1,28,56,28,0,28,1,0.5,0.6666666666666666,0.602160460214949,0.7235088424249257,0.17712215309086338,genus,capped
Kraken2,kraken2,conf0.5_mhg5,mock_comb_fam2,25,52,25,0,27,1,0.4807692307692308,0.6493506493506493,0.5392816382808666,0.5591544906640795,0.41641467517977576,genus,capped
Kraken2,kraken2,conf0.5_mhg5,mock_comb_fam3,23,54,23,0,31,1,0.42592592592592593,0.5974025974025974,0.7316158399455424,0.18589267461457382,0.014968462518391025,genus,capped
Kraken2,kraken2,conf0_mhg2,mock_comb1,59,40,39,20,1,0.6610169491525424,0.975,0.7878787878787878,0.5070238177336706,0.8445626213256321,0.7767779755535434,genus,capped
Kraken2,kraken2,conf0_mhg2,mock_comb2,62,41,38,24,3,0.6129032258064516,0.926829268292683,0.7378640776699029,0.7012767594791948,0.32468780930961466,0.48716837824353654,genus,capped
Kraken2,kraken2,conf0_mhg2,mock_comb3,65,40,38,27,2,0.5846153846153846,0.95,0.7238095238095238,0.6537414199802171,0.67956203611566,0.5847625649466951,genus,capped
Kraken2,kraken2,conf0_mhg2,mock_comb_fam1,72,56,53,19,3,0.7361111111111112,0.9464285714285714,0.828125,0.6292867899450658,0.4260132736358435,0.4060438717279138,genus,capped
Kraken2,kraken2,conf0_mhg2,mock_comb_fam2,74,52,49,25,3,0.6621621621621622,0.9423076923076923,0.7777777777777779,0.6093530857492044,0.4685017084720784,0.5765166053095594,genus,capped
Kraken2,kraken2,conf0_mhg2,mock_comb_fam3,73,54,54,19,0,0.7397260273972602,1,0.8503937007874016,0.6533009542823939,0.1917808716753611,0.6065439687481522,genus,capped
Kraken2,kraken2,conf0_mhg3,mock_comb1,43,40,38,5,2,0.8837209302325582,0.95,0.9156626506024096,0.43814637184617705,0.9124094228873281,0.5935200794523201,genus,capped
Kraken2,kraken2,conf0_mhg3,mock_comb2,46,41,37,9,4,0.8043478260869565,0.9024390243902439,0.8505747126436782,0.5909278839239336,0.613068039710752,0.47252752058951747,genus,capped
Kraken2,kraken2,conf0_mhg3,mock_comb3,53,40,37,16,3,0.6981132075471698,0.925,0.7956989247311829,0.5565744681037549,0.7667537347982946,0.6125417884333144,genus,capped
Kraken2,kraken2,conf0_mhg3,mock_comb_fam1,59,56,49,10,7,0.8305084745762712,0.875,0.8521739130434782,0.5594176304408929,0.546155644864332,0.3520570765999435,genus,capped
Kraken2,kraken2,conf0_mhg3,mock_comb_fam2,60,52,49,11,3,0.8166666666666667,0.9423076923076923,0.8749999999999999,0.5520543537229953,0.7070544048710664,0.5071997573093984,genus,capped
Kraken2,kraken2,conf0_mhg3,mock_comb_fam3,62,54,50,12,4,0.8064516129032258,0.9259259259259259,0.8620689655172414,0.5999731625892492,0.19260435155788538,0.4890194912888153,genus,capped
Kraken2,kraken2,conf0_mhg5,mock_comb1,39,40,36,3,4,0.9230769230769231,0.9,0.9113924050632911,0.4211928392783563,0.9098797881799001,0.6023131843283074,genus,capped
Kraken2,kraken2,conf0_mhg5,mock_comb2,40,41,35,5,6,0.875,0.8536585365853658,0.8641975308641976,0.5571483599357222,0.7461709379839604,0.4736094386369955,genus,capped
Kraken2,kraken2,conf0_mhg5,mock_comb3,48,40,37,11,3,0.7708333333333334,0.925,0.840909090909091,0.5151010127554866,0.8438810609240185,0.5977231322851995,genus,capped
Kraken2,kraken2,conf0_mhg5,mock_comb_fam1,50,56,46,4,10,0.92,0.8214285714285714,0.8679245283018867,0.5104495931570986,0.7129379211793425,0.3965177939542031,genus,capped
Kraken2,kraken2,conf0_mhg5,mock_comb_fam2,55,52,47,8,5,0.8545454545454545,0.9038461538461539,0.8785046728971962,0.5137334830203666,0.8488081546030946,0.46925686610454437,genus,capped
Kraken2,kraken2,conf0_mhg5,mock_comb_fam3,56,54,45,11,9,0.8035714285714286,0.8333333333333334,0.8181818181818182,0.5231423172586687,0.6912197297095087,0.4263662475084474,genus,capped
Metabuli,metabuli,prec0_ms0.15_ptax10239,mock_comb1,50,40,36,14,4,0.72,0.9,0.7999999999999999,0.5164651932708233,0.841664010727132,0.5697961664279276,genus,capped
Metabuli,metabuli,prec0_ms0.15_ptax10239,mock_comb2,57,41,37,20,4,0.6491228070175439,0.9024390243902439,0.7551020408163265,0.6667326466336837,0.4271758241285097,0.3755495190424425,genus,capped
Metabuli,metabuli,prec0_ms0.15_ptax10239,mock_comb3,63,40,37,26,3,0.5873015873015873,0.925,0.7184466019417477,0.6350817411179551,0.5392080966066584,0.552047380863315,genus,capped
Metabuli,metabuli,prec0_ms0.15_ptax10239,mock_comb_fam1,60,56,49,11,7,0.8166666666666667,0.875,0.8448275862068966,0.6028637630060777,0.3733668397181854,0.25942555080571134,genus,capped
Metabuli,metabuli,prec0_ms0.15_ptax10239,mock_comb_fam2,67,52,46,21,6,0.6865671641791045,0.8846153846153846,0.773109243697479,0.577257913171987,0.7383380611726528,0.4510746794263937,genus,capped
Metabuli,metabuli,prec0_ms0.15_ptax10239,mock_comb_fam3,64,54,46,18,8,0.71875,0.8518518518518519,0.7796610169491525,0.610200145369282,0.38609444625718636,0.4229624128470271,genus,capped
Metabuli,metabuli,prec0_ms0.15_ptaxnone,mock_comb1,50,40,36,14,4,0.72,0.9,0.7999999999999999,0.5164651932708233,0.841664010727132,0.5697961664279276,genus,capped
Metabuli,metabuli,prec0_ms0.15_ptaxnone,mock_comb2,57,41,37,20,4,0.6491228070175439,0.9024390243902439,0.7551020408163265,0.6667326466336837,0.4271758241285097,0.3755495190424425,genus,capped
Metabuli,metabuli,prec0_ms0.15_ptaxnone,mock_comb3,63,40,37,26,3,0.5873015873015873,0.925,0.7184466019417477,0.6350817411179551,0.5392080966066584,0.552047380863315,genus,capped
Metabuli,metabuli,prec0_ms0.15_ptaxnone,mock_comb_fam1,60,56,49,11,7,0.8166666666666667,0.875,0.8448275862068966,0.6028637630060777,0.3733668397181854,0.25942555080571134,genus,capped
Metabuli,metabuli,prec0_ms0.15_ptaxnone,mock_comb_fam2,67,52,46,21,6,0.6865671641791045,0.8846153846153846,0.773109243697479,0.577257913171987,0.7383380611726528,0.4510746794263937,genus,capped
Metabuli,metabuli,prec0_ms0.15_ptaxnone,mock_comb_fam3,64,54,46,18,8,0.71875,0.8518518518518519,0.7796610169491525,0.610200145369282,0.38609444625718636,0.4229624128470271,genus,capped
Metabuli,metabuli,prec0_ms0_ptax10239,mock_comb1,199,40,40,159,0,0.20100502512562815,1,0.3347280334728034,0.7610326020400474,0.1595318186881133,0.44012562026824187,genus,capped
Metabuli,metabuli,prec0_ms0_ptax10239,mock_comb2,212,41,41,171,0,0.19339622641509435,1,0.3241106719367589,0.8461855116856459,0.056881043293622396,0.30006979442571663,genus,capped
Metabuli,metabuli,prec0_ms0_ptax10239,mock_comb3,207,40,39,168,1,0.18840579710144928,0.975,0.3157894736842105,0.8314156380046572,0.1555943851049499,0.323853255014763,genus,capped
Metabuli,metabuli,prec0_ms0_ptax10239,mock_comb_fam1,216,56,56,160,0,0.25925925925925924,1,0.4117647058823529,0.8426774861644937,-0.002725605786421858,0.263244879771329,genus,capped
Metabuli,metabuli,prec0_ms0_ptax10239,mock_comb_fam2,227,52,52,175,0,0.2290748898678414,1,0.3727598566308244,0.84457639127324,0.022969874102055518,0.2981763810694586,genus,capped
Metabuli,metabuli,prec0_ms0_ptax10239,mock_comb_fam3,230,54,53,177,1,0.23043478260869565,0.9814814814814815,0.3732394366197183,0.8318913078258604,0.08967598460635685,0.3075874395148922,genus,capped
Metabuli,metabuli,prec0_ms0_ptaxnone,mock_comb1,199,40,40,159,0,0.20100502512562815,1,0.3347280334728034,0.7610326020400474,0.1595318186881133,0.44012562026824187,genus,capped
Metabuli,metabuli,prec0_ms0_ptaxnone,mock_comb2,212,41,41,171,0,0.19339622641509435,1,0.3241106719367589,0.8461855116856459,0.056881043293622396,0.30006979442571663,genus,capped
Metabuli,metabuli,prec0_ms0_ptaxnone,mock_comb3,207,40,39,168,1,0.18840579710144928,0.975,0.3157894736842105,0.8314156380046572,0.1555943851049499,0.323853255014763,genus,capped
Metabuli,metabuli,prec0_ms0_ptaxnone,mock_comb_fam1,216,56,56,160,0,0.25925925925925924,1,0.4117647058823529,0.8426774861644937,-0.002725605786421858,0.263244879771329,genus,capped
Metabuli,metabuli,prec0_ms0_ptaxnone,mock_comb_fam2,227,52,52,175,0,0.2290748898678414,1,0.3727598566308244,0.84457639127324,0.022969874102055518,0.2981763810694586,genus,capped
Metabuli,metabuli,prec0_ms0_ptaxnone,mock_comb_fam3,230,54,53,177,1,0.23043478260869565,0.9814814814814815,0.3732394366197183,0.8318913078258604,0.08967598460635685,0.3075874395148922,genus,capped
Metabuli,metabuli,prec1_ms0.15_ptax10239,mock_comb1,49,40,36,13,4,0.7346938775510204,0.9,0.8089887640449438,0.5189905818035162,0.8355149146579356,0.5613809122287022,genus,capped
Metabuli,metabuli,prec1_ms0.15_ptax10239,mock_comb2,57,41,37,20,4,0.6491228070175439,0.9024390243902439,0.7551020408163265,0.6665268751691783,0.41902995257282916,0.3767688268254876,genus,capped
Metabuli,metabuli,prec1_ms0.15_ptax10239,mock_comb3,62,40,37,25,3,0.5967741935483871,0.925,0.7254901960784315,0.6396653259491827,0.5274344465303813,0.5322285671123731,genus,capped
Metabuli,metabuli,prec1_ms0.15_ptax10239,mock_comb_fam1,59,56,49,10,7,0.8305084745762712,0.875,0.8521739130434782,0.6053953886617363,0.3738925697912527,0.2667239559479744,genus,capped
Metabuli,metabuli,prec1_ms0.15_ptax10239,mock_comb_fam2,67,52,46,21,6,0.6865671641791045,0.8846153846153846,0.773109243697479,0.5762473199422102,0.7400749010807904,0.46926496527602035,genus,capped
Metabuli,metabuli,prec1_ms0.15_ptax10239,mock_comb_fam3,62,54,46,16,8,0.7419354838709677,0.8518518518518519,0.7931034482758621,0.6138370247656968,0.3726106520982241,0.39343713156939086,genus,capped
Metabuli,metabuli,prec1_ms0.15_ptaxnone,mock_comb1,49,40,36,13,4,0.7346938775510204,0.9,0.8089887640449438,0.5189905818035162,0.8355149146579356,0.5613809122287022,genus,capped
Metabuli,metabuli,prec1_ms0.15_ptaxnone,mock_comb2,57,41,37,20,4,0.6491228070175439,0.9024390243902439,0.7551020408163265,0.6665268751691783,0.41902995257282916,0.3767688268254876,genus,capped
Metabuli,metabuli,prec1_ms0.15_ptaxnone,mock_comb3,62,40,37,25,3,0.5967741935483871,0.925,0.7254901960784315,0.6396653259491827,0.5274344465303813,0.5322285671123731,genus,capped
Metabuli,metabuli,prec1_ms0.15_ptaxnone,mock_comb_fam1,59,56,49,10,7,0.8305084745762712,0.875,0.8521739130434782,0.6053953886617363,0.3738925697912527,0.2667239559479744,genus,capped
Metabuli,metabuli,prec1_ms0.15_ptaxnone,mock_comb_fam2,67,52,46,21,6,0.6865671641791045,0.8846153846153846,0.773109243697479,0.5762473199422102,0.7400749010807904,0.46926496527602035,genus,capped
Metabuli,metabuli,prec1_ms0.15_ptaxnone,mock_comb_fam3,62,54,46,16,8,0.7419354838709677,0.8518518518518519,0.7931034482758621,0.6138370247656968,0.3726106520982241,0.39343713156939086,genus,capped
Metabuli,metabuli,prec1_ms0_ptax10239,mock_comb1,49,40,36,13,4,0.7346938775510204,0.9,0.8089887640449438,0.5189905818035162,0.8355149146579356,0.5613809122287022,genus,capped
Metabuli,metabuli,prec1_ms0_ptax10239,mock_comb2,57,41,37,20,4,0.6491228070175439,0.9024390243902439,0.7551020408163265,0.6665268751691783,0.41902995257282916,0.3767688268254876,genus,capped
Metabuli,metabuli,prec1_ms0_ptax10239,mock_comb3,62,40,37,25,3,0.5967741935483871,0.925,0.7254901960784315,0.6396653259491827,0.5274344465303813,0.5322285671123731,genus,capped
Metabuli,metabuli,prec1_ms0_ptax10239,mock_comb_fam1,59,56,49,10,7,0.8305084745762712,0.875,0.8521739130434782,0.6053953886617363,0.3738925697912527,0.2667239559479744,genus,capped
Metabuli,metabuli,prec1_ms0_ptax10239,mock_comb_fam2,67,52,46,21,6,0.6865671641791045,0.8846153846153846,0.773109243697479,0.5762473199422102,0.7400749010807904,0.46926496527602035,genus,capped
Metabuli,metabuli,prec1_ms0_ptax10239,mock_comb_fam3,62,54,46,16,8,0.7419354838709677,0.8518518518518519,0.7931034482758621,0.6138370247656968,0.3726106520982241,0.39343713156939086,genus,capped
Metabuli,metabuli,prec1_ms0_ptaxnone,mock_comb1,49,40,36,13,4,0.7346938775510204,0.9,0.8089887640449438,0.5189905818035162,0.8355149146579356,0.5613809122287022,genus,capped
Metabuli,metabuli,prec1_ms0_ptaxnone,mock_comb2,57,41,37,20,4,0.6491228070175439,0.9024390243902439,0.7551020408163265,0.6665268751691783,0.41902995257282916,0.3767688268254876,genus,capped
Metabuli,metabuli,prec1_ms0_ptaxnone,mock_comb3,62,40,37,25,3,0.5967741935483871,0.925,0.7254901960784315,0.6396653259491827,0.5274344465303813,0.5322285671123731,genus,capped
Metabuli,metabuli,prec1_ms0_ptaxnone,mock_comb_fam1,59,56,49,10,7,0.8305084745762712,0.875,0.8521739130434782,0.6053953886617363,0.3738925697912527,0.2667239559479744,genus,capped
Metabuli,metabuli,prec1_ms0_ptaxnone,mock_comb_fam2,67,52,46,21,6,0.6865671641791045,0.8846153846153846,0.773109243697479,0.5762473199422102,0.7400749010807904,0.46926496527602035,genus,capped
Metabuli,metabuli,prec1_ms0_ptaxnone,mock_comb_fam3,62,54,46,16,8,0.7419354838709677,0.8518518518518519,0.7931034482758621,0.6138370247656968,0.3726106520982241,0.39343713156939086,genus,capped
Sylph,sylph,mnk10,mock_comb1,17,40,17,0,23,1,0.425,0.5964912280701754,0.5499987103046396,0.5510838924970307,0.39747826232820177,genus,capped
Sylph,sylph,mnk10,mock_comb2,18,41,18,0,23,1,0.43902439024390244,0.6101694915254238,0.5234071815224445,0.6013213194329476,0.29936623119278993,genus,capped
Sylph,sylph,mnk10,mock_comb3,21,40,21,0,19,1,0.525,0.6885245901639345,0.4211254457238918,0.6952491457681447,0.2716315025480389,genus,capped
Sylph,sylph,mnk10,mock_comb_fam1,20,56,20,0,36,1,0.35714285714285715,0.5263157894736842,0.5783302573010533,0.7022939662827541,0.3116401717259208,genus,capped
Sylph,sylph,mnk10,mock_comb_fam2,17,52,17,0,35,1,0.3269230769230769,0.4927536231884058,0.5613832797835164,0.5502658141594717,0.3944883280839285,genus,capped
Sylph,sylph,mnk10,mock_comb_fam3,18,54,18,0,36,1,0.3333333333333333,0.5,0.7224944880169516,0.12643849656501774,-0.007658032188124138,genus,capped
Sylph,sylph,mnk20,mock_comb1,12,40,12,0,28,1,0.3,0.4615384615384615,0.5561428261815772,0.574909624889655,0.5447106802069965,genus,capped
Sylph,sylph,mnk20,mock_comb2,16,41,16,0,25,1,0.3902439024390244,0.5614035087719299,0.5453458236024034,0.6443258228969873,0.2859369462634966,genus,capped
Sylph,sylph,mnk20,mock_comb3,16,40,16,0,24,1,0.4,0.5714285714285715,0.5085672587601137,0.6982697034195623,0.21416728149975284,genus,capped
Sylph,sylph,mnk20,mock_comb_fam1,17,56,17,0,39,1,0.30357142857142855,0.4657534246575342,0.6026781298156276,0.7032055359195681,0.3525509985890417,genus,capped
Sylph,sylph,mnk20,mock_comb_fam2,15,52,15,0,37,1,0.28846153846153844,0.44776119402985076,0.5785494211394201,0.5643532963132437,0.45394015404098753,genus,capped
Sylph,sylph,mnk20,mock_comb_fam3,14,54,14,0,40,1,0.25925925925925924,0.4117647058823529,0.8378560972863415,-0.071103377799115,-0.061807382075966665,genus,capped
Sylph,sylph,mnk50,mock_comb1,8,40,8,0,32,1,0.2,0.33333333333333337,0.6166424215904412,0.5341008736823246,0.26192696142839433,genus,capped
Sylph,sylph,mnk50,mock_comb2,4,41,4,0,37,1,0.0975609756097561,0.17777777777777776,0.7967687074829934,0.5823979909753727,0.2550183074997818,genus,capped
Sylph,sylph,mnk50,mock_comb3,9,40,9,0,31,1,0.225,0.36734693877551017,0.6436062524559969,0.7356429421002297,0.13523393965568942,genus,capped
Sylph,sylph,mnk50,mock_comb_fam1,7,56,7,0,49,1,0.125,0.2222222222222222,0.8623385083052871,0.13082491122761997,0.1802155752735224,genus,capped
Sylph,sylph,mnk50,mock_comb_fam2,8,52,8,0,44,1,0.15384615384615385,0.2666666666666667,0.7494711679708232,0.3749404107566094,0.3280805276284871,genus,capped
Sylph,sylph,mnk50,mock_comb_fam3,11,54,11,0,43,1,0.2037037037037037,0.3384615384615384,0.8621776826933903,-0.04306761344938024,0.010620053833112523,genus,capped
EsViritu,esviritu,sense,mock_comb1,40,58,40,0,18,1,0.6896551724137931,0.8163265306122449,0.26716768920240697,0.8572028698939667,0.4546297378429622,species,strict
EsViritu,esviritu,sense,mock_comb2,50,67,50,0,17,1,0.746268656716418,0.8547008547008548,0.3233563527647184,0.6913939856827201,0.47942377741612174,species,strict
EsViritu,esviritu,sense,mock_comb3,49,66,49,0,17,1,0.7424242424242424,0.8521739130434782,0.26647066177497,0.7626140908262197,0.45697654477598604,species,strict
EsViritu,esviritu,sense,mock_comb_fam1,40,60,40,0,20,1,0.6666666666666666,0.8,0.23737148938164035,0.899534463696027,0.533442121049413,species,strict
EsViritu,esviritu,sense,mock_comb_fam2,39,60,39,0,21,1,0.65,0.787878787878788,0.24622041397311337,0.8860936880435868,0.4513589471074478,species,strict
EsViritu,esviritu,sense,mock_comb_fam3,36,60,36,0,24,1,0.6,0.7499999999999999,0.3631004151461082,0.6012794348590805,0.20531837185754465,species,strict
EsViritu,esviritu,sr,mock_comb1,41,58,41,0,17,1,0.7068965517241379,0.8282828282828283,0.29053889953736617,0.8715230258298522,0.46471795997459125,species,strict
EsViritu,esviritu,sr,mock_comb2,54,67,54,0,13,1,0.8059701492537313,0.8925619834710743,0.3694360172979207,0.6319084949788073,0.4344900500129947,species,strict
EsViritu,esviritu,sr,mock_comb3,53,66,53,0,13,1,0.803030303030303,0.8907563025210083,0.3382191504640483,0.694377695125136,0.4818555704258621,species,strict
EsViritu,esviritu,sr,mock_comb_fam1,41,60,41,0,19,1,0.6833333333333333,0.8118811881188119,0.31766695729015,0.8027842847425707,0.4991735401033609,species,strict
EsViritu,esviritu,sr,mock_comb_fam2,41,60,41,0,19,1,0.6833333333333333,0.8118811881188119,0.2854585321923462,0.8922099424266957,0.4847066279882234,species,strict
EsViritu,esviritu,sr,mock_comb_fam3,43,60,43,0,17,1,0.7166666666666667,0.8349514563106796,0.31521343430757637,0.7635883431937558,0.4384343318448021,species,strict
Centrifuger,centrifuger,mhl100_ms0,mock_comb1,38,58,30,8,28,0.7894736842105263,0.5172413793103449,0.625,0.6530462791227535,0.2925972767939626,-0.02108409134334594,species,strict
Centrifuger,centrifuger,mhl100_ms0,mock_comb2,45,67,31,14,36,0.6888888888888889,0.4626865671641791,0.5535714285714286,0.7124149680255799,0.2556755372357055,-0.14483510646276943,species,strict
Centrifuger,centrifuger,mhl100_ms0,mock_comb3,46,66,35,11,31,0.7608695652173914,0.5303030303030303,0.625,0.6737061091942353,0.30688455640692835,-0.14284346082319155,species,strict
Centrifuger,centrifuger,mhl100_ms0,mock_comb_fam1,32,60,26,6,34,0.8125,0.43333333333333335,0.5652173913043479,0.6466652661803223,0.4426551004306179,0.05595359783434162,species,strict
Centrifuger,centrifuger,mhl100_ms0,mock_comb_fam2,31,60,25,6,35,0.8064516129032258,0.4166666666666667,0.5494505494505494,0.6682743107330283,0.38579010484257503,0.21621994847305634,species,strict
Centrifuger,centrifuger,mhl100_ms0,mock_comb_fam3,30,60,25,5,35,0.8333333333333334,0.4166666666666667,0.5555555555555556,0.6971777039187876,0.1393878393430823,-0.09488921492866187,species,strict
Centrifuger,centrifuger,mhl100_ms100,mock_comb1,38,58,30,8,28,0.7894736842105263,0.5172413793103449,0.625,0.6530462791227535,0.2925972767939626,-0.02108409134334594,species,strict
Centrifuger,centrifuger,mhl100_ms100,mock_comb2,45,67,31,14,36,0.6888888888888889,0.4626865671641791,0.5535714285714286,0.7124149680255799,0.2556755372357055,-0.14483510646276943,species,strict
Centrifuger,centrifuger,mhl100_ms100,mock_comb3,46,66,35,11,31,0.7608695652173914,0.5303030303030303,0.625,0.6737061091942353,0.30688455640692835,-0.14284346082319155,species,strict
Centrifuger,centrifuger,mhl100_ms100,mock_comb_fam1,32,60,26,6,34,0.8125,0.43333333333333335,0.5652173913043479,0.6466652661803223,0.4426551004306179,0.05595359783434162,species,strict
Centrifuger,centrifuger,mhl100_ms100,mock_comb_fam2,31,60,25,6,35,0.8064516129032258,0.4166666666666667,0.5494505494505494,0.6682743107330283,0.38579010484257503,0.21621994847305634,species,strict
Centrifuger,centrifuger,mhl100_ms100,mock_comb_fam3,30,60,25,5,35,0.8333333333333334,0.4166666666666667,0.5555555555555556,0.6971777039187876,0.1393878393430823,-0.09488921492866187,species,strict
Centrifuger,centrifuger,mhl100_ms500,mock_comb1,38,58,30,8,28,0.7894736842105263,0.5172413793103449,0.625,0.6530462791227535,0.2925972767939626,-0.02108409134334594,species,strict
Centrifuger,centrifuger,mhl100_ms500,mock_comb2,45,67,31,14,36,0.6888888888888889,0.4626865671641791,0.5535714285714286,0.7124149680255799,0.2556755372357055,-0.14483510646276943,species,strict
Centrifuger,centrifuger,mhl100_ms500,mock_comb3,46,66,35,11,31,0.7608695652173914,0.5303030303030303,0.625,0.6737061091942353,0.30688455640692835,-0.14284346082319155,species,strict
Centrifuger,centrifuger,mhl100_ms500,mock_comb_fam1,32,60,26,6,34,0.8125,0.43333333333333335,0.5652173913043479,0.6466652661803223,0.4426551004306179,0.05595359783434162,species,strict
Centrifuger,centrifuger,mhl100_ms500,mock_comb_fam2,31,60,25,6,35,0.8064516129032258,0.4166666666666667,0.5494505494505494,0.6682743107330283,0.38579010484257503,0.21621994847305634,species,strict
Centrifuger,centrifuger,mhl100_ms500,mock_comb_fam3,30,60,25,5,35,0.8333333333333334,0.4166666666666667,0.5555555555555556,0.6971777039187876,0.1393878393430823,-0.09488921492866187,species,strict
Centrifuger,centrifuger,mhl50_ms0,mock_comb1,66,58,44,22,14,0.6666666666666666,0.7586206896551724,0.7096774193548386,0.8352697698061141,0.013145094918162636,0.14658030901207517,species,strict
Centrifuger,centrifuger,mhl50_ms0,mock_comb2,75,67,48,27,19,0.64,0.7164179104477612,0.676056338028169,0.8562443845462712,0.016554368074209038,-0.04537449253411022,species,strict
Centrifuger,centrifuger,mhl50_ms0,mock_comb3,77,66,52,25,14,0.6753246753246753,0.7878787878787878,0.7272727272727273,0.8626465661641538,-0.027509979135040528,0.12508242875825165,species,strict
Centrifuger,centrifuger,mhl50_ms0,mock_comb_fam1,54,60,37,17,23,0.6851851851851852,0.6166666666666667,0.6491228070175439,0.8536910959818447,-0.07397939918198929,0.03016537125126945,species,strict
Centrifuger,centrifuger,mhl50_ms0,mock_comb_fam2,59,60,38,21,22,0.6440677966101694,0.6333333333333333,0.6386554621848739,0.8861128566042478,-0.08519153045263607,0.1295863979477289,species,strict
Centrifuger,centrifuger,mhl50_ms0,mock_comb_fam3,65,60,41,24,19,0.6307692307692307,0.6833333333333333,0.6559999999999999,0.859631981761928,-0.09414376396102134,0.028288901478198177,species,strict
Centrifuger,centrifuger,mhl50_ms100,mock_comb1,66,58,44,22,14,0.6666666666666666,0.7586206896551724,0.7096774193548386,0.8352697698061141,0.013145094918162636,0.14658030901207517,species,strict
Centrifuger,centrifuger,mhl50_ms100,mock_comb2,75,67,48,27,19,0.64,0.7164179104477612,0.676056338028169,0.8562443845462712,0.016554368074209038,-0.04537449253411022,species,strict
Centrifuger,centrifuger,mhl50_ms100,mock_comb3,77,66,52,25,14,0.6753246753246753,0.7878787878787878,0.7272727272727273,0.8626465661641538,-0.027509979135040528,0.12508242875825165,species,strict
Centrifuger,centrifuger,mhl50_ms100,mock_comb_fam1,54,60,37,17,23,0.6851851851851852,0.6166666666666667,0.6491228070175439,0.8536910959818447,-0.07397939918198929,0.03016537125126945,species,strict
Centrifuger,centrifuger,mhl50_ms100,mock_comb_fam2,59,60,38,21,22,0.6440677966101694,0.6333333333333333,0.6386554621848739,0.8861128566042478,-0.08519153045263607,0.1295863979477289,species,strict
Centrifuger,centrifuger,mhl50_ms100,mock_comb_fam3,65,60,41,24,19,0.6307692307692307,0.6833333333333333,0.6559999999999999,0.859631981761928,-0.09414376396102134,0.028288901478198177,species,strict
Centrifuger,centrifuger,mhl50_ms500,mock_comb1,66,58,44,22,14,0.6666666666666666,0.7586206896551724,0.7096774193548386,0.8352697698061141,0.013145094918162636,0.14658030901207517,species,strict
Centrifuger,centrifuger,mhl50_ms500,mock_comb2,75,67,48,27,19,0.64,0.7164179104477612,0.676056338028169,0.8562443845462712,0.016554368074209038,-0.04537449253411022,species,strict
Centrifuger,centrifuger,mhl50_ms500,mock_comb3,77,66,52,25,14,0.6753246753246753,0.7878787878787878,0.7272727272727273,0.8626465661641538,-0.027509979135040528,0.12508242875825165,species,strict
Centrifuger,centrifuger,mhl50_ms500,mock_comb_fam1,54,60,37,17,23,0.6851851851851852,0.6166666666666667,0.6491228070175439,0.8536910959818447,-0.07397939918198929,0.03016537125126945,species,strict
Centrifuger,centrifuger,mhl50_ms500,mock_comb_fam2,59,60,38,21,22,0.6440677966101694,0.6333333333333333,0.6386554621848739,0.8861128566042478,-0.08519153045263607,0.1295863979477289,species,strict
Centrifuger,centrifuger,mhl50_ms500,mock_comb_fam3,65,60,41,24,19,0.6307692307692307,0.6833333333333333,0.6559999999999999,0.859631981761928,-0.09414376396102134,0.028288901478198177,species,strict
Centrifuger,centrifuger,mhlauto_ms0,mock_comb1,972,58,57,915,1,0.05864197530864197,0.9827586206896551,0.11067961165048544,0.9311798495699736,0.12125429868743642,0.30054325128545395,species,strict
Centrifuger,centrifuger,mhlauto_ms0,mock_comb2,1054,67,67,987,0,0.0635673624288425,1,0.11953612845673507,0.9520930399131825,0.09543193401933524,0.23314498030422404,species,strict
Centrifuger,centrifuger,mhlauto_ms0,mock_comb3,982,66,63,919,3,0.06415478615071284,0.9545454545454546,0.1202290076335878,0.9465002472965253,0.07413950528919112,0.25081925392791315,species,strict
Centrifuger,centrifuger,mhlauto_ms0,mock_comb_fam1,914,60,58,856,2,0.06345733041575492,0.9666666666666667,0.1190965092402464,0.9505151748790911,0.04353847514960004,0.2753515734997917,species,strict
Centrifuger,centrifuger,mhlauto_ms0,mock_comb_fam2,991,60,59,932,1,0.05953582240161453,0.9833333333333333,0.11227402473834443,0.952411994784876,0.054204216565556546,0.2668490932042183,species,strict
Centrifuger,centrifuger,mhlauto_ms0,mock_comb_fam3,982,60,60,922,0,0.06109979633401222,1,0.11516314779270632,0.954732474224546,0.06366657347936822,0.2637477451121396,species,strict
Centrifuger,centrifuger,mhlauto_ms100,mock_comb1,339,58,57,282,1,0.168141592920354,0.9827586206896551,0.28715365239294716,0.9111816251311969,0.07615972017875171,0.4122058239215996,species,strict
Centrifuger,centrifuger,mhlauto_ms100,mock_comb2,380,67,67,313,0,0.1763157894736842,1,0.29977628635346754,0.936787051572,0.04453037167750879,0.2917428788647861,species,strict
Centrifuger,centrifuger,mhlauto_ms100,mock_comb3,348,66,63,285,3,0.1810344827586207,0.9545454545454546,0.3043478260869565,0.9332224324541681,0.039355479489400866,0.3446841692382089,species,strict
Centrifuger,centrifuger,mhlauto_ms100,mock_comb_fam1,319,60,58,261,2,0.18181818181818182,0.9666666666666667,0.30606860158311344,0.9357547617699452,0.01522595862455051,0.325434574618102,species,strict
Centrifuger,centrifuger,mhlauto_ms100,mock_comb_fam2,345,60,56,289,4,0.16231884057971013,0.9333333333333333,0.27654320987654324,0.9396832411294583,0.016857249807632885,0.3258951230808168,species,strict
Centrifuger,centrifuger,mhlauto_ms100,mock_comb_fam3,354,60,60,294,0,0.1694915254237288,1,0.2898550724637681,0.9408536207644188,0.027124341022517647,0.3489009294218127,species,strict
Centrifuger,centrifuger,mhlauto_ms500,mock_comb1,107,58,51,56,7,0.4766355140186916,0.8793103448275862,0.6181818181818182,0.8680845979208991,0.04166248918323216,0.2441215993638336,species,strict
Centrifuger,centrifuger,mhlauto_ms500,mock_comb2,115,67,59,56,8,0.5130434782608696,0.8805970149253731,0.6483516483516484,0.8975694087139066,0.003681651002023931,0.062040231909426605,species,strict
Centrifuger,centrifuger,mhlauto_ms500,mock_comb3,117,66,58,59,8,0.49572649572649574,0.8787878787878788,0.633879781420765,0.8880862219632972,0.003726258678045736,0.20385331739662133,species,strict
Centrifuger,centrifuger,mhlauto_ms500,mock_comb_fam1,97,60,46,51,14,0.4742268041237113,0.7666666666666667,0.5859872611464968,0.8938999208784425,-0.039773188638577,0.13454649430625265,species,strict
Centrifuger,centrifuger,mhlauto_ms500,mock_comb_fam2,110,60,47,63,13,0.42727272727272725,0.7833333333333333,0.5529411764705883,0.9082921425634222,-0.0339002653977518,0.14409743331923594,species,strict
Centrifuger,centrifuger,mhlauto_ms500,mock_comb_fam3,105,60,50,55,10,0.47619047619047616,0.8333333333333334,0.6060606060606061,0.8962899121726995,-0.03974046174717738,0.24663022982056548,species,strict
Kraken2,kraken2,conf0.2_mhg2,mock_comb1,45,58,40,5,18,0.8888888888888888,0.6896551724137931,0.7766990291262136,0.4401228428872733,0.6306321225196406,0.2217256247397089,species,strict
Kraken2,kraken2,conf0.2_mhg2,mock_comb2,50,67,44,6,23,0.88,0.6567164179104478,0.7521367521367521,0.5227365909087108,0.4865754677844296,0.10925132125817863,species,strict
Kraken2,kraken2,conf0.2_mhg2,mock_comb3,55,66,49,6,17,0.8909090909090909,0.7424242424242424,0.8099173553719009,0.47136778584800665,0.38659870987097905,0.17869846426706398,species,strict
Kraken2,kraken2,conf0.2_mhg2,mock_comb_fam1,42,60,39,3,21,0.9285714285714286,0.65,0.7647058823529412,0.4939878270214245,0.373643324771905,0.2096020160609252,species,strict
Kraken2,kraken2,conf0.2_mhg2,mock_comb_fam2,41,60,38,3,22,0.926829268292683,0.6333333333333333,0.7524752475247526,0.3911496175200551,0.473051628265396,0.30376220330006126,species,strict
Kraken2,kraken2,conf0.2_mhg2,mock_comb_fam3,44,60,39,5,21,0.8863636363636364,0.65,0.75,0.5311964159981959,0.39529797401273153,0.14445176544476127,species,strict
Kraken2,kraken2,conf0.2_mhg3,mock_comb1,45,58,40,5,18,0.8888888888888888,0.6896551724137931,0.7766990291262136,0.4401228428872733,0.6306321225196406,0.2217256247397089,species,strict
Kraken2,kraken2,conf0.2_mhg3,mock_comb2,50,67,44,6,23,0.88,0.6567164179104478,0.7521367521367521,0.5227365909087108,0.4865754677844296,0.10925132125817863,species,strict
Kraken2,kraken2,conf0.2_mhg3,mock_comb3,55,66,49,6,17,0.8909090909090909,0.7424242424242424,0.8099173553719009,0.47136778584800665,0.38659870987097905,0.17869846426706398,species,strict
Kraken2,kraken2,conf0.2_mhg3,mock_comb_fam1,42,60,39,3,21,0.9285714285714286,0.65,0.7647058823529412,0.4939878270214245,0.373643324771905,0.2096020160609252,species,strict
Kraken2,kraken2,conf0.2_mhg3,mock_comb_fam2,41,60,38,3,22,0.926829268292683,0.6333333333333333,0.7524752475247526,0.3911496175200551,0.473051628265396,0.30376220330006126,species,strict
Kraken2,kraken2,conf0.2_mhg3,mock_comb_fam3,44,60,39,5,21,0.8863636363636364,0.65,0.75,0.5311964159981959,0.39529797401273153,0.14445176544476127,species,strict
Kraken2,kraken2,conf0.2_mhg5,mock_comb1,45,58,40,5,18,0.8888888888888888,0.6896551724137931,0.7766990291262136,0.4401228428872733,0.6306321225196406,0.2217256247397089,species,strict
Kraken2,kraken2,conf0.2_mhg5,mock_comb2,50,67,44,6,23,0.88,0.6567164179104478,0.7521367521367521,0.5227365909087108,0.4865754677844296,0.10925132125817863,species,strict
Kraken2,kraken2,conf0.2_mhg5,mock_comb3,55,66,49,6,17,0.8909090909090909,0.7424242424242424,0.8099173553719009,0.47136778584800665,0.38659870987097905,0.17869846426706398,species,strict
Kraken2,kraken2,conf0.2_mhg5,mock_comb_fam1,42,60,39,3,21,0.9285714285714286,0.65,0.7647058823529412,0.4939878270214245,0.373643324771905,0.2096020160609252,species,strict
Kraken2,kraken2,conf0.2_mhg5,mock_comb_fam2,41,60,38,3,22,0.926829268292683,0.6333333333333333,0.7524752475247526,0.3911496175200551,0.473051628265396,0.30376220330006126,species,strict
Kraken2,kraken2,conf0.2_mhg5,mock_comb_fam3,44,60,39,5,21,0.8863636363636364,0.65,0.75,0.5311964159981959,0.39529797401273153,0.14445176544476127,species,strict
Kraken2,kraken2,conf0.5_mhg2,mock_comb1,27,58,27,0,31,1,0.46551724137931033,0.6352941176470588,0.64255103002388,0.40229202128544506,0.06998873976406772,species,strict
Kraken2,kraken2,conf0.5_mhg2,mock_comb2,32,67,30,2,37,0.9375,0.44776119402985076,0.6060606060606061,0.6727750090112832,0.33636386205551,0.02431277923442673,species,strict
Kraken2,kraken2,conf0.5_mhg2,mock_comb3,40,66,39,1,27,0.975,0.5909090909090909,0.7358490566037736,0.6619443573362439,0.328892582444195,0.06190624111886121,species,strict
Kraken2,kraken2,conf0.5_mhg2,mock_comb_fam1,28,60,27,1,33,0.9642857142857143,0.45,0.6136363636363636,0.6284112229234181,0.5104097852590882,0.14812278793339398,species,strict
Kraken2,kraken2,conf0.5_mhg2,mock_comb_fam2,27,60,26,1,34,0.9629629629629629,0.43333333333333335,0.5977011494252873,0.5669655292670986,0.47040636359565635,0.3520785988005677,species,strict
Kraken2,kraken2,conf0.5_mhg2,mock_comb_fam3,26,60,26,0,34,1,0.43333333333333335,0.6046511627906976,0.740814608049469,0.139458189703588,-0.006975252133926988,species,strict
Kraken2,kraken2,conf0.5_mhg3,mock_comb1,27,58,27,0,31,1,0.46551724137931033,0.6352941176470588,0.64255103002388,0.40229202128544506,0.06998873976406772,species,strict
Kraken2,kraken2,conf0.5_mhg3,mock_comb2,32,67,30,2,37,0.9375,0.44776119402985076,0.6060606060606061,0.6727750090112832,0.33636386205551,0.02431277923442673,species,strict
Kraken2,kraken2,conf0.5_mhg3,mock_comb3,40,66,39,1,27,0.975,0.5909090909090909,0.7358490566037736,0.6619443573362439,0.328892582444195,0.06190624111886121,species,strict
Kraken2,kraken2,conf0.5_mhg3,mock_comb_fam1,28,60,27,1,33,0.9642857142857143,0.45,0.6136363636363636,0.6284112229234181,0.5104097852590882,0.14812278793339398,species,strict
Kraken2,kraken2,conf0.5_mhg3,mock_comb_fam2,27,60,26,1,34,0.9629629629629629,0.43333333333333335,0.5977011494252873,0.5669655292670986,0.47040636359565635,0.3520785988005677,species,strict
Kraken2,kraken2,conf0.5_mhg3,mock_comb_fam3,26,60,26,0,34,1,0.43333333333333335,0.6046511627906976,0.740814608049469,0.139458189703588,-0.006975252133926988,species,strict
Kraken2,kraken2,conf0.5_mhg5,mock_comb1,27,58,27,0,31,1,0.46551724137931033,0.6352941176470588,0.64255103002388,0.40229202128544506,0.06998873976406772,species,strict
Kraken2,kraken2,conf0.5_mhg5,mock_comb2,32,67,30,2,37,0.9375,0.44776119402985076,0.6060606060606061,0.6727750090112832,0.33636386205551,0.02431277923442673,species,strict
Kraken2,kraken2,conf0.5_mhg5,mock_comb3,40,66,39,1,27,0.975,0.5909090909090909,0.7358490566037736,0.6619443573362439,0.328892582444195,0.06190624111886121,species,strict
Kraken2,kraken2,conf0.5_mhg5,mock_comb_fam1,28,60,27,1,33,0.9642857142857143,0.45,0.6136363636363636,0.6284112229234181,0.5104097852590882,0.14812278793339398,species,strict
Kraken2,kraken2,conf0.5_mhg5,mock_comb_fam2,27,60,26,1,34,0.9629629629629629,0.43333333333333335,0.5977011494252873,0.5669655292670986,0.47040636359565635,0.3520785988005677,species,strict
Kraken2,kraken2,conf0.5_mhg5,mock_comb_fam3,26,60,26,0,34,1,0.43333333333333335,0.6046511627906976,0.740814608049469,0.139458189703588,-0.006975252133926988,species,strict
Kraken2,kraken2,conf0_mhg2,mock_comb1,96,58,57,39,1,0.59375,0.9827586206896551,0.7402597402597402,0.7073388024796764,0.03497784680388173,0.6679696281163726,species,strict
Kraken2,kraken2,conf0_mhg2,mock_comb2,105,67,64,41,3,0.6095238095238096,0.9552238805970149,0.7441860465116279,0.7872057595272768,9.405211635969709e-4,0.5466645536558501,species,strict
Kraken2,kraken2,conf0_mhg2,mock_comb3,103,66,61,42,5,0.5922330097087378,0.9242424242424242,0.7218934911242603,0.7679790026246717,-0.005855942483158481,0.5676033429757679,species,strict
Kraken2,kraken2,conf0_mhg2,mock_comb_fam1,91,60,57,34,3,0.6263736263736264,0.95,0.7549668874172185,0.7558873105069325,-0.016399477164004236,0.4660979112597594,species,strict
Kraken2,kraken2,conf0_mhg2,mock_comb_fam2,97,60,56,41,4,0.5773195876288659,0.9333333333333333,0.7133757961783439,0.7763001390331352,-0.03135508828630393,0.5113935500330503,species,strict
Kraken2,kraken2,conf0_mhg2,mock_comb_fam3,94,60,59,35,1,0.6276595744680851,0.9833333333333333,0.7662337662337662,0.7631429473019881,-0.02265257139725181,0.5766172346586732,species,strict
Kraken2,kraken2,conf0_mhg3,mock_comb1,75,58,54,21,4,0.72,0.9310344827586207,0.8120300751879699,0.6183278223901753,0.06370872894366757,0.5620953918438558,species,strict
Kraken2,kraken2,conf0_mhg3,mock_comb2,84,67,63,21,4,0.75,0.9402985074626866,0.8344370860927153,0.7135842803331213,0.005495514423446682,0.5292928702674959,species,strict
Kraken2,kraken2,conf0_mhg3,mock_comb3,85,66,60,25,6,0.7058823529411765,0.9090909090909091,0.794701986754967,0.6930599962384807,0.0032715458084854416,0.53984599927722,species,strict
Kraken2,kraken2,conf0_mhg3,mock_comb_fam1,68,60,53,15,7,0.7794117647058824,0.8833333333333333,0.8281250000000001,0.7009797460568516,-0.02547468615989254,0.3491308529320068,species,strict
Kraken2,kraken2,conf0_mhg3,mock_comb_fam2,78,60,55,23,5,0.7051282051282052,0.9166666666666666,0.7971014492753623,0.721903530742506,-0.03228854214204343,0.45290390735110425,species,strict
Kraken2,kraken2,conf0_mhg3,mock_comb_fam3,75,60,55,20,5,0.7333333333333333,0.9166666666666666,0.8148148148148148,0.7048996330671264,-0.023259385737929076,0.44571831302525483,species,strict
Kraken2,kraken2,conf0_mhg5,mock_comb1,67,58,51,16,7,0.7611940298507462,0.8793103448275862,0.8160000000000001,0.5923194148125572,0.0678082965892121,0.5464900382159925,species,strict
Kraken2,kraken2,conf0_mhg5,mock_comb2,73,67,59,14,8,0.8082191780821918,0.8805970149253731,0.8428571428571429,0.7031405345341833,-2.8359585871097883e-4,0.47313041473220957,species,strict
Kraken2,kraken2,conf0_mhg5,mock_comb3,77,66,58,19,8,0.7532467532467533,0.8787878787878788,0.8111888111888111,0.6713356126612998,4.747737042966077e-4,0.5153594781394715,species,strict
Kraken2,kraken2,conf0_mhg5,mock_comb_fam1,59,60,50,9,10,0.847457627118644,0.8333333333333334,0.8403361344537815,0.6843019986709605,-0.03658384369765344,0.3602454076198495,species,strict
Kraken2,kraken2,conf0_mhg5,mock_comb_fam2,65,60,51,14,9,0.7846153846153846,0.85,0.816,0.7030141026822746,-0.03832316187193766,0.36891571159267816,species,strict
Kraken2,kraken2,conf0_mhg5,mock_comb_fam3,67,60,50,17,10,0.746268656716418,0.8333333333333334,0.7874015748031497,0.6644457904300424,-0.012261437281135185,0.39255906150595027,species,strict
Metabuli,metabuli,prec0_ms0.15_ptax10239,mock_comb1,86,58,51,35,7,0.5930232558139535,0.8793103448275862,0.7083333333333334,0.6825305810397554,0.042567974167811114,0.48202130540982574,species,strict
Metabuli,metabuli,prec0_ms0.15_ptax10239,mock_comb2,98,67,61,37,6,0.6224489795918368,0.9104477611940298,0.7393939393939395,0.7693133047210299,0.0014435513266430804,0.40065465580817,species,strict
Metabuli,metabuli,prec0_ms0.15_ptax10239,mock_comb3,104,66,59,45,7,0.5673076923076923,0.8939393939393939,0.6941176470588236,0.7520762090864681,6.296110578078763e-4,0.48079075741186633,species,strict
Metabuli,metabuli,prec0_ms0.15_ptax10239,mock_comb_fam1,80,60,53,27,7,0.6625,0.8833333333333333,0.7571428571428571,0.7395336963921034,-0.024701986671492124,0.28149537884308573,species,strict
Metabuli,metabuli,prec0_ms0.15_ptax10239,mock_comb_fam2,95,60,50,45,10,0.5263157894736842,0.8333333333333334,0.6451612903225806,0.7415242420620696,-0.007369787818646204,0.42122474210701694,species,strict
Metabuli,metabuli,prec0_ms0.15_ptax10239,mock_comb_fam3,90,60,51,39,9,0.5666666666666667,0.85,0.68,0.7289632583153747,-0.008103623554289464,0.43839588997356543,species,strict
Metabuli,metabuli,prec0_ms0.15_ptaxnone,mock_comb1,86,58,51,35,7,0.5930232558139535,0.8793103448275862,0.7083333333333334,0.6825305810397554,0.042567974167811114,0.48202130540982574,species,strict
Metabuli,metabuli,prec0_ms0.15_ptaxnone,mock_comb2,98,67,61,37,6,0.6224489795918368,0.9104477611940298,0.7393939393939395,0.7693133047210299,0.0014435513266430804,0.40065465580817,species,strict
Metabuli,metabuli,prec0_ms0.15_ptaxnone,mock_comb3,104,66,59,45,7,0.5673076923076923,0.8939393939393939,0.6941176470588236,0.7520762090864681,6.296110578078763e-4,0.48079075741186633,species,strict
Metabuli,metabuli,prec0_ms0.15_ptaxnone,mock_comb_fam1,80,60,53,27,7,0.6625,0.8833333333333333,0.7571428571428571,0.7395336963921034,-0.024701986671492124,0.28149537884308573,species,strict
Metabuli,metabuli,prec0_ms0.15_ptaxnone,mock_comb_fam2,95,60,50,45,10,0.5263157894736842,0.8333333333333334,0.6451612903225806,0.7415242420620696,-0.007369787818646204,0.42122474210701694,species,strict
Metabuli,metabuli,prec0_ms0.15_ptaxnone,mock_comb_fam3,90,60,51,39,9,0.5666666666666667,0.85,0.68,0.7289632583153747,-0.008103623554289464,0.43839588997356543,species,strict
Metabuli,metabuli,prec0_ms0_ptax10239,mock_comb1,659,58,57,602,1,0.08649468892261002,0.9827586206896551,0.1589958158995816,0.86586348978860594,0.10426829878353452,0.27506778151427463,species,strict
Metabuli,metabuli,prec0_ms0_ptax10239,mock_comb2,763,67,66,697,1,0.08650065530799476,0.9850746268656716,0.15903614457831328,0.9120230848887729,0.05978656866377653,0.18739049250502912,species,strict
Metabuli,metabuli,prec0_ms0_ptax10239,mock_comb3,645,66,63,582,3,0.09767441860465116,0.9545454545454546,0.17721518987341772,0.8833441142294375,0.05173729434509345,0.24907311581992306,species,strict
Metabuli,metabuli,prec0_ms0_ptax10239,mock_comb_fam1,714,60,60,654,0,0.08403361344537816,1,0.1550387596899225,0.9042298912427464,0.039337116340498454,0.19649556899397472,species,strict
Metabuli,metabuli,prec0_ms0_ptax10239,mock_comb_fam2,716,60,60,656,0,0.08379888268156424,1,0.15463917525773194,0.9010142653103406,0.0350933375802185,0.2222994406568301,species,strict
Metabuli,metabuli,prec0_ms0_ptax10239,mock_comb_fam3,728,60,57,671,3,0.0782967032967033,0.95,0.14467005076142134,0.8965962675516442,0.04760838188204071,0.23480695878780833,species,strict
Metabuli,metabuli,prec0_ms0_ptaxnone,mock_comb1,659,58,57,602,1,0.08649468892261002,0.9827586206896551,0.1589958158995816,0.86586348978860594,0.10426829878353452,0.27506778151427463,species,strict
Metabuli,metabuli,prec0_ms0_ptaxnone,mock_comb2,763,67,66,697,1,0.08650065530799476,0.9850746268656716,0.15903614457831328,0.9120230848887729,0.05978656866377653,0.18739049250502912,species,strict
Metabuli,metabuli,prec0_ms0_ptaxnone,mock_comb3,645,66,63,582,3,0.09767441860465116,0.9545454545454546,0.17721518987341772,0.8833441142294375,0.05173729434509345,0.24907311581992306,species,strict
Metabuli,metabuli,prec0_ms0_ptaxnone,mock_comb_fam1,714,60,60,654,0,0.08403361344537816,1,0.1550387596899225,0.9042298912427464,0.039337116340498454,0.19649556899397472,species,strict
Metabuli,metabuli,prec0_ms0_ptaxnone,mock_comb_fam2,716,60,60,656,0,0.08379888268156424,1,0.15463917525773194,0.9010142653103406,0.0350933375802185,0.2222994406568301,species,strict
Metabuli,metabuli,prec0_ms0_ptaxnone,mock_comb_fam3,728,60,57,671,3,0.0782967032967033,0.95,0.14467005076142134,0.8965962675516442,0.04760838188204071,0.23480695878780833,species,strict
Metabuli,metabuli,prec1_ms0.15_ptax10239,mock_comb1,52,58,39,13,19,0.75,0.6724137931034483,0.709090909090909,0.7719655337113703,-0.030422320795031307,0.11171658161780404,species,strict
Metabuli,metabuli,prec1_ms0.15_ptax10239,mock_comb2,62,67,43,19,24,0.6935483870967742,0.6417910447761194,0.6666666666666666,0.841689412440741,-0.03536799159341777,-0.09482992154326218,species,strict
Metabuli,metabuli,prec1_ms0.15_ptax10239,mock_comb3,65,66,50,15,16,0.7692307692307693,0.7575757575757576,0.7633587786259541,0.8140872065165308,-0.050446553811939826,0.189264550548784,species,strict
Metabuli,metabuli,prec1_ms0.15_ptax10239,mock_comb_fam1,52,60,40,12,20,0.7692307692307693,0.6666666666666666,0.7142857142857142,0.8064255223545269,-0.07459381488364648,0.07511618651673854,species,strict
Metabuli,metabuli,prec1_ms0.15_ptax10239,mock_comb_fam2,50,60,34,16,26,0.68,0.5666666666666667,0.6181818181818183,0.7851452282157675,-0.05202297520179633,0.12845184287665307,species,strict
Metabuli,metabuli,prec1_ms0.15_ptax10239,mock_comb_fam3,52,60,38,14,22,0.7307692307692307,0.6333333333333333,0.6785714285714285,0.8204449398541637,-0.07768629379701264,-0.033690416765242245,species,strict
Metabuli,metabuli,prec1_ms0.15_ptaxnone,mock_comb1,52,58,39,13,19,0.75,0.6724137931034483,0.709090909090909,0.7719655337113703,-0.030422320795031307,0.11171658161780404,species,strict
Metabuli,metabuli,prec1_ms0.15_ptaxnone,mock_comb2,62,67,43,19,24,0.6935483870967742,0.6417910447761194,0.6666666666666666,0.841689412440741,-0.03536799159341777,-0.09482992154326218,species,strict
Metabuli,metabuli,prec1_ms0.15_ptaxnone,mock_comb3,65,66,50,15,16,0.7692307692307693,0.7575757575757576,0.7633587786259541,0.8140872065165308,-0.050446553811939826,0.189264550548784,species,strict
Metabuli,metabuli,prec1_ms0.15_ptaxnone,mock_comb_fam1,52,60,40,12,20,0.7692307692307693,0.6666666666666666,0.7142857142857142,0.8064255223545269,-0.07459381488364648,0.07511618651673854,species,strict
Metabuli,metabuli,prec1_ms0.15_ptaxnone,mock_comb_fam2,50,60,34,16,26,0.68,0.5666666666666667,0.6181818181818183,0.7851452282157675,-0.05202297520179633,0.12845184287665307,species,strict
Metabuli,metabuli,prec1_ms0.15_ptaxnone,mock_comb_fam3,52,60,38,14,22,0.7307692307692307,0.6333333333333333,0.6785714285714285,0.8204449398541637,-0.07768629379701264,-0.033690416765242245,species,strict
Metabuli,metabuli,prec1_ms0_ptax10239,mock_comb1,52,58,39,13,19,0.75,0.6724137931034483,0.709090909090909,0.7719655337113703,-0.030422320795031307,0.11171658161780404,species,strict
Metabuli,metabuli,prec1_ms0_ptax10239,mock_comb2,62,67,43,19,24,0.6935483870967742,0.6417910447761194,0.6666666666666666,0.841689412440741,-0.03536799159341777,-0.09482992154326218,species,strict
Metabuli,metabuli,prec1_ms0_ptax10239,mock_comb3,65,66,50,15,16,0.7692307692307693,0.7575757575757576,0.7633587786259541,0.8140872065165308,-0.050446553811939826,0.189264550548784,species,strict
Metabuli,metabuli,prec1_ms0_ptax10239,mock_comb_fam1,52,60,40,12,20,0.7692307692307693,0.6666666666666666,0.7142857142857142,0.8064255223545269,-0.07459381488364648,0.07511618651673854,species,strict
Metabuli,metabuli,prec1_ms0_ptax10239,mock_comb_fam2,50,60,34,16,26,0.68,0.5666666666666667,0.6181818181818183,0.7851452282157675,-0.05202297520179633,0.12845184287665307,species,strict
Metabuli,metabuli,prec1_ms0_ptax10239,mock_comb_fam3,52,60,38,14,22,0.7307692307692307,0.6333333333333333,0.6785714285714285,0.8204449398541637,-0.07768629379701264,-0.033690416765242245,species,strict
Metabuli,metabuli,prec1_ms0_ptaxnone,mock_comb1,52,58,39,13,19,0.75,0.6724137931034483,0.709090909090909,0.7719655337113703,-0.030422320795031307,0.11171658161780404,species,strict
Metabuli,metabuli,prec1_ms0_ptaxnone,mock_comb2,62,67,43,19,24,0.6935483870967742,0.6417910447761194,0.6666666666666666,0.841689412440741,-0.03536799159341777,-0.09482992154326218,species,strict
Metabuli,metabuli,prec1_ms0_ptaxnone,mock_comb3,65,66,50,15,16,0.7692307692307693,0.7575757575757576,0.7633587786259541,0.8140872065165308,-0.050446553811939826,0.189264550548784,species,strict
Metabuli,metabuli,prec1_ms0_ptaxnone,mock_comb_fam1,52,60,40,12,20,0.7692307692307693,0.6666666666666666,0.7142857142857142,0.8064255223545269,-0.07459381488364648,0.07511618651673854,species,strict
Metabuli,metabuli,prec1_ms0_ptaxnone,mock_comb_fam2,50,60,34,16,26,0.68,0.5666666666666667,0.6181818181818183,0.7851452282157675,-0.05202297520179633,0.12845184287665307,species,strict
Metabuli,metabuli,prec1_ms0_ptaxnone,mock_comb_fam3,52,60,38,14,22,0.7307692307692307,0.6333333333333333,0.6785714285714285,0.8204449398541637,-0.07768629379701264,-0.033690416765242245,species,strict
Sylph,sylph,mnk10,mock_comb1,20,58,20,0,38,1,0.3448275862068966,0.5128205128205129,0.5947027793092976,0.5717402322274856,0.2377621254833312,species,strict
Sylph,sylph,mnk10,mock_comb2,22,67,21,1,46,0.9545454545454546,0.31343283582089554,0.4719101123595506,0.6157074340527579,0.5573676385688501,0.20442169339340918,species,strict
Sylph,sylph,mnk10,mock_comb3,26,66,26,0,40,1,0.3939393939393939,0.5652173913043478,0.6018256018256019,0.5089461584490558,0.18887878011398115,species,strict
Sylph,sylph,mnk10,mock_comb_fam1,20,60,20,0,40,1,0.3333333333333333,0.5,0.6085466639790367,0.4822446245118127,0.2633798111067489,species,strict
Sylph,sylph,mnk10,mock_comb_fam2,18,60,18,0,42,1,0.3,0.4615384615384615,0.5592065718292929,0.5995432477647435,0.4530008378997503,species,strict
Sylph,sylph,mnk10,mock_comb_fam3,19,60,19,0,41,1,0.31666666666666665,0.4810126582278481,0.7135491853990515,0.2875923440804746,0.0402451877040743,species,strict
Sylph,sylph,mnk20,mock_comb1,15,58,15,0,43,1,0.25862068965517243,0.4109589041095891,0.6102144549725076,0.5781777298695909,0.40920227296602973,species,strict
Sylph,sylph,mnk20,mock_comb2,20,67,19,1,48,0.95,0.2835820895522388,0.4367816091954023,0.6638794820143885,0.5418993486214111,0.1790392759194495,species,strict
Sylph,sylph,mnk20,mock_comb3,19,66,19,0,47,1,0.2878787878787879,0.4470588235294118,0.6510908510908511,0.5340773012399421,0.2181055383407857,species,strict
Sylph,sylph,mnk20,mock_comb_fam1,17,60,17,0,43,1,0.2833333333333333,0.4415584415584416,0.6311497937645381,0.48684100227598176,0.3116552627247664,species,strict
Sylph,sylph,mnk20,mock_comb_fam2,16,60,16,0,44,1,0.26666666666666666,0.4210526315789474,0.5770265776518437,0.6097047946267475,0.4996905654346507,species,strict
Sylph,sylph,mnk20,mock_comb_fam3,14,60,14,0,46,1,0.23333333333333334,0.37837837837837834,0.8515157764487522,-0.0919785755006172,-0.07851201776176717,species,strict
Sylph,sylph,mnk50,mock_comb1,10,58,10,0,48,1,0.1724137931034483,0.29411764705882354,0.7420515896820634,0.36683952874883946,0.13021700055371851,species,strict
Sylph,sylph,mnk50,mock_comb2,4,67,4,0,63,1,0.05970149253731343,0.11267605633802817,0.8389288569144683,0.6033179789786747,0.18652857622507826,species,strict
Sylph,sylph,mnk50,mock_comb3,11,66,11,0,55,1,0.16666666666666666,0.2857142857142857,0.8113886113886113,0.381683369560302,0.12792222452703242,species,strict
Sylph,sylph,mnk50,mock_comb_fam1,7,60,7,0,53,1,0.11666666666666667,0.208955223880597,0.8722031848417657,0.07256394271307803,0.16226289504005276,species,strict
Sylph,sylph,mnk50,mock_comb_fam2,9,60,9,0,51,1,0.15,0.2608695652173913,0.7445401723101586,0.4433568677517952,0.3805062392745393,species,strict
Sylph,sylph,mnk50,mock_comb_fam3,11,60,11,0,49,1,0.18333333333333332,0.30985915492957744,0.8737884099814395,-0.06415597214372101,-0.009925337272250945,species,strict
EsViritu,esviritu,sense,mock_comb1,40,41,40,0,1,1,0.975609756097561,0.9876543209876543,0.1562784588789112,0.9178124899749586,0.8904867747157851,species,capped
EsViritu,esviritu,sense,mock_comb2,50,50,50,0,0,1,1,1,0.19395463611674946,0.9976005260657567,0.9930335637731132,species,capped
EsViritu,esviritu,sense,mock_comb3,49,50,49,0,1,1,0.98,0.98989898989899,0.16533343796193434,0.9864072566824998,0.9038087293398835,species,capped
EsViritu,esviritu,sense,mock_comb_fam1,40,40,40,0,0,1,1,1,0.11952173901793949,0.9915152863653947,0.9869532961203266,species,capped
EsViritu,esviritu,sense,mock_comb_fam2,39,40,39,0,1,1,0.975,0.9873417721518987,0.1204228653004226,0.9849228297802813,0.9259641550154827,species,capped
EsViritu,esviritu,sense,mock_comb_fam3,36,40,36,0,4,1,0.9,0.9473684210526316,0.24003291986836126,0.6679267077458481,0.517511739370547,species,capped
EsViritu,esviritu,sr,mock_comb1,41,41,41,0,0,1,1,1,0.19398865444911273,0.9346724069158057,0.9140628413263967,species,capped
EsViritu,esviritu,sr,mock_comb2,54,50,50,4,0,0.9259259259259259,1,0.9615384615384615,0.2731884822789928,0.9612706529961837,0.9509241278168733,species,capped
EsViritu,esviritu,sr,mock_comb3,53,50,50,3,0,0.9433962264150944,1,0.970873786407767,0.2380225655117221,0.9463634673812829,0.9381279190289654,species,capped
EsViritu,esviritu,sr,mock_comb_fam1,41,40,40,1,0,0.975609756097561,1,0.9876543209876543,0.21882121822070236,0.8803385853343135,0.9130245751331667,species,capped
EsViritu,esviritu,sr,mock_comb_fam2,41,40,40,1,0,0.975609756097561,1,0.9876543209876543,0.17496811753034075,0.9894150190602873,0.9649283327242478,species,capped
EsViritu,esviritu,sr,mock_comb_fam3,43,40,40,3,0,0.9302325581395349,1,0.963855421686747,0.21202886398947224,0.8995812665372394,0.9099082869133294,species,capped
Centrifuger,centrifuger,mhl100_ms0,mock_comb1,38,41,29,9,12,0.7631578947368421,0.7073170731707317,0.7341772151898733,0.564935428520164,0.33638771028146947,0.12094275094101116,species,capped
Centrifuger,centrifuger,mhl100_ms0,mock_comb2,45,50,31,14,19,0.6888888888888889,0.62,0.6526315789473685,0.5681923270692,0.49526291317656396,0.04692948911914065,species,capped
Centrifuger,centrifuger,mhl100_ms0,mock_comb3,46,50,34,12,16,0.7391304347826086,0.68,0.7083333333333334,0.5508223165129573,0.4929063020165807,-0.01410715488362972,species,capped
Centrifuger,centrifuger,mhl100_ms0,mock_comb_fam1,32,40,26,6,14,0.8125,0.65,0.7222222222222223,0.555518691979059,0.45174254353721266,0.15693229226395525,species,capped
Centrifuger,centrifuger,mhl100_ms0,mock_comb_fam2,31,40,25,6,15,0.8064516129032258,0.625,0.7042253521126761,0.5744979543030448,0.3982644944788464,0.39010410525702166,species,capped
Centrifuger,centrifuger,mhl100_ms0,mock_comb_fam3,30,40,25,5,15,0.8333333333333334,0.625,0.7142857142857143,0.6111667392111223,0.13684394310220915,-0.026412055982982855,species,capped
Centrifuger,centrifuger,mhl100_ms100,mock_comb1,38,41,29,9,12,0.7631578947368421,0.7073170731707317,0.7341772151898733,0.564935428520164,0.33638771028146947,0.12094275094101116,species,capped
Centrifuger,centrifuger,mhl100_ms100,mock_comb2,45,50,31,14,19,0.6888888888888889,0.62,0.6526315789473685,0.5681923270692,0.49526291317656396,0.04692948911914065,species,capped
Centrifuger,centrifuger,mhl100_ms100,mock_comb3,46,50,34,12,16,0.7391304347826086,0.68,0.7083333333333334,0.5508223165129573,0.4929063020165807,-0.01410715488362972,species,capped
Centrifuger,centrifuger,mhl100_ms100,mock_comb_fam1,32,40,26,6,14,0.8125,0.65,0.7222222222222223,0.555518691979059,0.45174254353721266,0.15693229226395525,species,capped
Centrifuger,centrifuger,mhl100_ms100,mock_comb_fam2,31,40,25,6,15,0.8064516129032258,0.625,0.7042253521126761,0.5744979543030448,0.3982644944788464,0.39010410525702166,species,capped
Centrifuger,centrifuger,mhl100_ms100,mock_comb_fam3,30,40,25,5,15,0.8333333333333334,0.625,0.7142857142857143,0.6111667392111223,0.13684394310220915,-0.026412055982982855,species,capped
Centrifuger,centrifuger,mhl100_ms500,mock_comb1,38,41,29,9,12,0.7631578947368421,0.7073170731707317,0.7341772151898733,0.564935428520164,0.33638771028146947,0.12094275094101116,species,capped
Centrifuger,centrifuger,mhl100_ms500,mock_comb2,45,50,31,14,19,0.6888888888888889,0.62,0.6526315789473685,0.5681923270692,0.49526291317656396,0.04692948911914065,species,capped
Centrifuger,centrifuger,mhl100_ms500,mock_comb3,46,50,34,12,16,0.7391304347826086,0.68,0.7083333333333334,0.5508223165129573,0.4929063020165807,-0.01410715488362972,species,capped
Centrifuger,centrifuger,mhl100_ms500,mock_comb_fam1,32,40,26,6,14,0.8125,0.65,0.7222222222222223,0.555518691979059,0.45174254353721266,0.15693229226395525,species,capped
Centrifuger,centrifuger,mhl100_ms500,mock_comb_fam2,31,40,25,6,15,0.8064516129032258,0.625,0.7042253521126761,0.5744979543030448,0.3982644944788464,0.39010410525702166,species,capped
Centrifuger,centrifuger,mhl100_ms500,mock_comb_fam3,30,40,25,5,15,0.8333333333333334,0.625,0.7142857142857143,0.6111667392111223,0.13684394310220915,-0.026412055982982855,species,capped
Centrifuger,centrifuger,mhl50_ms0,mock_comb1,66,41,41,25,0,0.6212121212121212,1,0.766355140186916,0.7945947320185319,0.031319551995494875,0.4702176621367813,species,capped
Centrifuger,centrifuger,mhl50_ms0,mock_comb2,75,50,46,29,4,0.6133333333333333,0.92,0.7360000000000001,0.7907218204025537,0.06283151353817555,0.1720777370897313,species,capped
Centrifuger,centrifuger,mhl50_ms0,mock_comb3,77,50,49,28,1,0.6363636363636364,0.98,0.7716535433070867,0.8166263598190642,0.0017170535478102553,0.4260688162028216,species,capped
Centrifuger,centrifuger,mhl50_ms0,mock_comb_fam1,54,40,37,17,3,0.6851851851851852,0.925,0.7872340425531915,0.8188972044338334,-0.07797869958208424,0.26874825867900515,species,capped
Centrifuger,centrifuger,mhl50_ms0,mock_comb_fam2,59,40,38,21,2,0.6440677966101694,0.95,0.7676767676767676,0.8574535498613801,-0.08209953473780528,0.4816997135994299,species,capped
Centrifuger,centrifuger,mhl50_ms0,mock_comb_fam3,65,40,39,26,1,0.6,0.975,0.7428571428571429,0.8236036969234605,-0.08283495363363381,0.3702389061219565,species,capped
Centrifuger,centrifuger,mhl50_ms100,mock_comb1,66,41,41,25,0,0.6212121212121212,1,0.766355140186916,0.7945947320185319,0.031319551995494875,0.4702176621367813,species,capped
Centrifuger,centrifuger,mhl50_ms100,mock_comb2,75,50,46,29,4,0.6133333333333333,0.92,0.7360000000000001,0.7907218204025537,0.06283151353817555,0.1720777370897313,species,capped
Centrifuger,centrifuger,mhl50_ms100,mock_comb3,77,50,49,28,1,0.6363636363636364,0.98,0.7716535433070867,0.8166263598190642,0.0017170535478102553,0.4260688162028216,species,capped
Centrifuger,centrifuger,mhl50_ms100,mock_comb_fam1,54,40,37,17,3,0.6851851851851852,0.925,0.7872340425531915,0.8188972044338334,-0.07797869958208424,0.26874825867900515,species,capped
Centrifuger,centrifuger,mhl50_ms100,mock_comb_fam2,59,40,38,21,2,0.6440677966101694,0.95,0.7676767676767676,0.8574535498613801,-0.08209953473780528,0.4816997135994299,species,capped
Centrifuger,centrifuger,mhl50_ms100,mock_comb_fam3,65,40,39,26,1,0.6,0.975,0.7428571428571429,0.8236036969234605,-0.08283495363363381,0.3702389061219565,species,capped
Centrifuger,centrifuger,mhl50_ms500,mock_comb1,66,41,41,25,0,0.6212121212121212,1,0.766355140186916,0.7945947320185319,0.031319551995494875,0.4702176621367813,species,capped
Centrifuger,centrifuger,mhl50_ms500,mock_comb2,75,50,46,29,4,0.6133333333333333,0.92,0.7360000000000001,0.7907218204025537,0.06283151353817555,0.1720777370897313,species,capped
Centrifuger,centrifuger,mhl50_ms500,mock_comb3,77,50,49,28,1,0.6363636363636364,0.98,0.7716535433070867,0.8166263598190642,0.0017170535478102553,0.4260688162028216,species,capped
Centrifuger,centrifuger,mhl50_ms500,mock_comb_fam1,54,40,37,17,3,0.6851851851851852,0.925,0.7872340425531915,0.8188972044338334,-0.07797869958208424,0.26874825867900515,species,capped
Centrifuger,centrifuger,mhl50_ms500,mock_comb_fam2,59,40,38,21,2,0.6440677966101694,0.95,0.7676767676767676,0.8574535498613801,-0.08209953473780528,0.4816997135994299,species,capped
Centrifuger,centrifuger,mhl50_ms500,mock_comb_fam3,65,40,39,26,1,0.6,0.975,0.7428571428571429,0.8236036969234605,-0.08283495363363381,0.3702389061219565,species,capped
Centrifuger,centrifuger,mhlauto_ms0,mock_comb1,972,41,41,931,0,0.04218106995884774,1,0.08094768015794669,0.926527634472602,0.12364906272774698,0.27797256472199366,species,capped
Centrifuger,centrifuger,mhlauto_ms0,mock_comb2,1054,50,50,1004,0,0.04743833017077799,1,0.09057971014492755,0.933915133257254,0.10747512542231494,0.23619415424963836,species,capped
Centrifuger,centrifuger,mhlauto_ms0,mock_comb3,982,50,50,932,0,0.05091649694501019,1,0.09689922480620156,0.9345063805525993,0.0815567485091177,0.26136262345229483,species,capped
Centrifuger,centrifuger,mhlauto_ms0,mock_comb_fam1,914,40,40,874,0,0.0437636761487965,1,0.08385744234800838,0.9430725042497815,0.05041206261740614,0.28730056473798804,species,capped
Centrifuger,centrifuger,mhlauto_ms0,mock_comb_fam2,991,40,40,951,0,0.04036326942482341,1,0.07759456838021338,0.9535308000354624,0.057111855973652786,0.25936749729164943,species,capped
Centrifuger,centrifuger,mhlauto_ms0,mock_comb_fam3,982,40,40,942,0,0.04073319755600815,1,0.07827788649706459,0.950833175826273,0.07130225378560344,0.26550449266909165,species,capped
Centrifuger,centrifuger,mhlauto_ms100,mock_comb1,339,41,41,298,0,0.12094395280235988,1,0.2157894736842105,0.8996877378346149,0.08441160649789316,0.43038035458166407,species,capped
Centrifuger,centrifuger,mhlauto_ms100,mock_comb2,380,50,50,330,0,0.13157894736842105,1,0.23255813953488372,0.9114854725894929,0.05955175020884097,0.3400617846930927,species,capped
Centrifuger,centrifuger,mhlauto_ms100,mock_comb3,348,50,50,298,0,0.14367816091954022,1,0.25125628140703515,0.914831915276622,0.0504837095730623,0.38471675882520096,species,capped
Centrifuger,centrifuger,mhlauto_ms100,mock_comb_fam1,319,40,40,279,0,0.12539184952978055,1,0.22284122562674094,0.9232601897087035,0.028744668543269847,0.44570074914127383,species,capped
Centrifuger,centrifuger,mhlauto_ms100,mock_comb_fam2,345,40,40,305,0,0.11594202898550725,1,0.20779220779220778,0.9347037997147729,0.027936121762172084,0.37455448931261437,species,capped
Centrifuger,centrifuger,mhlauto_ms100,mock_comb_fam3,354,40,40,314,0,0.11299435028248588,1,0.20304568527918782,0.9303746616543552,0.04124309462755334,0.4093353287510805,species,capped
Centrifuger,centrifuger,mhlauto_ms500,mock_comb1,107,41,41,66,0,0.38317757009345793,1,0.5540540540540541,0.8369066023032348,0.06675964651284624,0.5213640588201164,species,capped
Centrifuger,centrifuger,mhlauto_ms500,mock_comb2,115,50,50,65,0,0.43478260869565216,1,0.6060606060606061,0.8513304570402925,0.04062757900498573,0.33956243173068884,species,capped
Centrifuger,centrifuger,mhlauto_ms500,mock_comb3,117,50,50,67,0,0.42735042735042733,1,0.5988023952095808,0.8518158560385815,0.03308530624987541,0.45164616971650723,species,capped
Centrifuger,centrifuger,mhlauto_ms500,mock_comb_fam1,97,40,40,57,0,0.41237113402061853,1,0.5839416058394161,0.8692530874086898,-0.018514038123461408,0.5319488030348202,species,capped
Centrifuger,centrifuger,mhlauto_ms500,mock_comb_fam2,110,40,40,70,0,0.36363636363636365,1,0.5333333333333333,0.8860799010613396,-0.010219011210376348,0.5096526347163305,species,capped
Centrifuger,centrifuger,mhlauto_ms500,mock_comb_fam3,105,40,40,65,0,0.38095238095238093,1,0.5517241379310345,0.8717750812397835,-0.011712529993971177,0.5898210718175979,species,capped
Kraken2,kraken2,conf0.2_mhg2,mock_comb1,45,41,40,5,1,0.8888888888888888,0.975609756097561,0.9302325581395349,0.34810213582746846,0.7017458396370851,0.5249506089033444,species,capped
Kraken2,kraken2,conf0.2_mhg2,mock_comb2,50,50,43,7,7,0.86,0.86,0.8599999999999999,0.4606481084694632,0.7235852768665322,0.342800061825591,species,capped
Kraken2,kraken2,conf0.2_mhg2,mock_comb3,55,50,49,6,1,0.8909090909090909,0.98,0.9333333333333333,0.3905117947468924,0.5707461175329182,0.4640352657980445,species,capped
Kraken2,kraken2,conf0.2_mhg2,mock_comb_fam1,42,40,39,3,1,0.9285714285714286,0.975,0.951219512195122,0.4183015410221607,0.3701263880501163,0.3655808328924496,species,capped
Kraken2,kraken2,conf0.2_mhg2,mock_comb_fam2,41,40,37,4,3,0.9024390243902439,0.925,0.9135802469135802,0.2905741053701336,0.4960943185929238,0.6073942190521152,species,capped
Kraken2,kraken2,conf0.2_mhg2,mock_comb_fam3,44,40,39,5,1,0.8863636363636364,0.975,0.9285714285714285,0.4543641790265771,0.4405194246900031,0.4059233671861027,species,capped
Kraken2,kraken2,conf0.2_mhg3,mock_comb1,45,41,40,5,1,0.8888888888888888,0.975609756097561,0.9302325581395349,0.34810213582746846,0.7017458396370851,0.5249506089033444,species,capped
Kraken2,kraken2,conf0.2_mhg3,mock_comb2,50,50,43,7,7,0.86,0.86,0.8599999999999999,0.4606481084694632,0.7235852768665322,0.342800061825591,species,capped
Kraken2,kraken2,conf0.2_mhg3,mock_comb3,55,50,49,6,1,0.8909090909090909,0.98,0.9333333333333333,0.3905117947468924,0.5707461175329182,0.4640352657980445,species,capped
Kraken2,kraken2,conf0.2_mhg3,mock_comb_fam1,42,40,39,3,1,0.9285714285714286,0.975,0.951219512195122,0.4183015410221607,0.3701263880501163,0.3655808328924496,species,capped
Kraken2,kraken2,conf0.2_mhg3,mock_comb_fam2,41,40,37,4,3,0.9024390243902439,0.925,0.9135802469135802,0.2905741053701336,0.4960943185929238,0.6073942190521152,species,capped
Kraken2,kraken2,conf0.2_mhg3,mock_comb_fam3,44,40,39,5,1,0.8863636363636364,0.975,0.9285714285714285,0.4543641790265771,0.4405194246900031,0.4059233671861027,species,capped
Kraken2,kraken2,conf0.2_mhg5,mock_comb1,45,41,40,5,1,0.8888888888888888,0.975609756097561,0.9302325581395349,0.34810213582746846,0.7017458396370851,0.5249506089033444,species,capped
Kraken2,kraken2,conf0.2_mhg5,mock_comb2,50,50,43,7,7,0.86,0.86,0.8599999999999999,0.4606481084694632,0.7235852768665322,0.342800061825591,species,capped
Kraken2,kraken2,conf0.2_mhg5,mock_comb3,55,50,49,6,1,0.8909090909090909,0.98,0.9333333333333333,0.3905117947468924,0.5707461175329182,0.4640352657980445,species,capped
Kraken2,kraken2,conf0.2_mhg5,mock_comb_fam1,42,40,39,3,1,0.9285714285714286,0.975,0.951219512195122,0.4183015410221607,0.3701263880501163,0.3655808328924496,species,capped
Kraken2,kraken2,conf0.2_mhg5,mock_comb_fam2,41,40,37,4,3,0.9024390243902439,0.925,0.9135802469135802,0.2905741053701336,0.4960943185929238,0.6073942190521152,species,capped
Kraken2,kraken2,conf0.2_mhg5,mock_comb_fam3,44,40,39,5,1,0.8863636363636364,0.975,0.9285714285714285,0.4543641790265771,0.4405194246900031,0.4059233671861027,species,capped
Kraken2,kraken2,conf0.5_mhg2,mock_comb1,27,41,26,1,15,0.9629629629629629,0.6341463414634146,0.7647058823529412,0.5824526882135108,0.4455678426417384,0.20142267903827854,species,capped
Kraken2,kraken2,conf0.5_mhg2,mock_comb2,32,50,30,2,20,0.9375,0.6,0.7317073170731707,0.5762671684689143,0.6054981898043086,0.19376906921837841,species,capped
Kraken2,kraken2,conf0.5_mhg2,mock_comb3,40,50,39,1,11,0.975,0.78,0.8666666666666667,0.5957153689205898,0.5301318493012492,0.2341511409700003,species,capped
Kraken2,kraken2,conf0.5_mhg2,mock_comb_fam1,28,40,27,1,13,0.9642857142857143,0.675,0.7941176470588236,0.5721452901480205,0.512745433959991,0.22947299127150395,species,capped
Kraken2,kraken2,conf0.5_mhg2,mock_comb_fam2,27,40,26,1,14,0.9629629629629629,0.65,0.7761194029850746,0.4941777594558048,0.4757680337886472,0.5294482875481924,species,capped
Kraken2,kraken2,conf0.5_mhg2,mock_comb_fam3,26,40,26,0,14,1,0.65,0.787878787878788,0.6981262840438129,0.11655722530287704,0.009401306760511676,species,capped
Kraken2,kraken2,conf0.5_mhg3,mock_comb1,27,41,26,1,15,0.9629629629629629,0.6341463414634146,0.7647058823529412,0.5824526882135108,0.4455678426417384,0.20142267903827854,species,capped
Kraken2,kraken2,conf0.5_mhg3,mock_comb2,32,50,30,2,20,0.9375,0.6,0.7317073170731707,0.5762671684689143,0.6054981898043086,0.19376906921837841,species,capped
Kraken2,kraken2,conf0.5_mhg3,mock_comb3,40,50,39,1,11,0.975,0.78,0.8666666666666667,0.5957153689205898,0.5301318493012492,0.2341511409700003,species,capped
Kraken2,kraken2,conf0.5_mhg3,mock_comb_fam1,28,40,27,1,13,0.9642857142857143,0.675,0.7941176470588236,0.5721452901480205,0.512745433959991,0.22947299127150395,species,capped
Kraken2,kraken2,conf0.5_mhg3,mock_comb_fam2,27,40,26,1,14,0.9629629629629629,0.65,0.7761194029850746,0.4941777594558048,0.4757680337886472,0.5294482875481924,species,capped
Kraken2,kraken2,conf0.5_mhg3,mock_comb_fam3,26,40,26,0,14,1,0.65,0.787878787878788,0.6981262840438129,0.11655722530287704,0.009401306760511676,species,capped
Kraken2,kraken2,conf0.5_mhg5,mock_comb1,27,41,26,1,15,0.9629629629629629,0.6341463414634146,0.7647058823529412,0.5824526882135108,0.4455678426417384,0.20142267903827854,species,capped
Kraken2,kraken2,conf0.5_mhg5,mock_comb2,32,50,30,2,20,0.9375,0.6,0.7317073170731707,0.5762671684689143,0.6054981898043086,0.19376906921837841,species,capped
Kraken2,kraken2,conf0.5_mhg5,mock_comb3,40,50,39,1,11,0.975,0.78,0.8666666666666667,0.5957153689205898,0.5301318493012492,0.2341511409700003,species,capped
Kraken2,kraken2,conf0.5_mhg5,mock_comb_fam1,28,40,27,1,13,0.9642857142857143,0.675,0.7941176470588236,0.5721452901480205,0.512745433959991,0.22947299127150395,species,capped
Kraken2,kraken2,conf0.5_mhg5,mock_comb_fam2,27,40,26,1,14,0.9629629629629629,0.65,0.7761194029850746,0.4941777594558048,0.4757680337886472,0.5294482875481924,species,capped
Kraken2,kraken2,conf0.5_mhg5,mock_comb_fam3,26,40,26,0,14,1,0.65,0.787878787878788,0.6981262840438129,0.11655722530287704,0.009401306760511676,species,capped
Kraken2,kraken2,conf0_mhg2,mock_comb1,96,41,41,55,0,0.4270833333333333,1,0.5985401459854015,0.6833106761488783,0.05256094411691307,0.7352563115592856,species,capped
Kraken2,kraken2,conf0_mhg2,mock_comb2,105,50,50,55,0,0.47619047619047616,1,0.6451612903225806,0.7443655989197335,0.013068803617653859,0.6752568481372314,species,capped
Kraken2,kraken2,conf0_mhg2,mock_comb3,103,50,50,53,0,0.4854368932038835,1,0.6535947712418301,0.7351855210880458,0.005982580380362335,0.6634575418913682,species,capped
Kraken2,kraken2,conf0_mhg2,mock_comb_fam1,91,40,40,51,0,0.43956043956043955,1,0.6106870229007634,0.7301223161714427,0.00784802168437429,0.6975398895249009,species,capped
Kraken2,kraken2,conf0_mhg2,mock_comb_fam2,97,40,40,57,0,0.41237113402061853,1,0.5839416058394161,0.7678091744423914,-0.008842811727808448,0.5954275014410881,species,capped
Kraken2,kraken2,conf0_mhg2,mock_comb_fam3,94,40,40,54,0,0.425531914893617,1,0.5970149253731344,0.7495625586499456,0.003805644575215487,0.6734949048626171,species,capped
Kraken2,kraken2,conf0_mhg3,mock_comb1,75,41,41,34,0,0.5466666666666666,1,0.7068965517241379,0.5707815603910154,0.08591318095723553,0.8039376544244333,species,capped
Kraken2,kraken2,conf0_mhg3,mock_comb2,84,50,50,34,0,0.5952380952380952,1,0.7462686567164178,0.6509726110195372,0.022998467752866864,0.7329483379547784,species,capped
Kraken2,kraken2,conf0_mhg3,mock_comb3,85,50,50,35,0,0.5882352941176471,1,0.7407407407407407,0.6445127140378423,0.020792760001344064,0.7237113988596633,species,capped
Kraken2,kraken2,conf0_mhg3,mock_comb_fam1,68,40,40,28,0,0.5882352941176471,1,0.7407407407407407,0.6637554550954405,0.0012889568491110234,0.7217072320225162,species,capped
Kraken2,kraken2,conf0_mhg3,mock_comb_fam2,78,40,40,38,0,0.5128205128205128,1,0.6779661016949152,0.6943993794025828,-0.004068289321838742,0.6711040744804212,species,capped
Kraken2,kraken2,conf0_mhg3,mock_comb_fam3,75,40,40,35,0,0.5333333333333333,1,0.6956521739130436,0.674636122914848,0.008843344257674414,0.735540193854048,species,capped
Kraken2,kraken2,conf0_mhg5,mock_comb1,67,41,41,26,0,0.6119402985074627,1,0.7592592592592593,0.5322857059429372,0.08883777145530065,0.876721577427598,species,capped
Kraken2,kraken2,conf0_mhg5,mock_comb2,73,50,50,23,0,0.684931506849315,1,0.8130081300813007,0.6298423022366031,0.017385597471817213,0.7856155988946031,species,capped
Kraken2,kraken2,conf0_mhg5,mock_comb3,77,50,50,27,0,0.6493506493506493,1,0.7874015748031497,0.6105141378929096,0.02081066514217504,0.821960742307118,species,capped
Kraken2,kraken2,conf0_mhg5,mock_comb_fam1,59,40,40,19,0,0.6779661016949152,1,0.8080808080808081,0.6404055682681074,-0.01511957100682711,0.7844095337508415,species,capped
Kraken2,kraken2,conf0_mhg5,mock_comb_fam2,65,40,40,25,0,0.6153846153846154,1,0.761904761904762,0.6614739605317,-0.012595648353195436,0.7806265837243025,species,capped
Kraken2,kraken2,conf0_mhg5,mock_comb_fam3,67,40,40,27,0,0.5970149253731343,1,0.7476635514018691,0.6203340652550045,0.01092736878668368,0.7858812014986123,species,capped
Metabuli,metabuli,prec0_ms0.15_ptax10239,mock_comb1,86,41,41,45,0,0.47674418604651164,1,0.6456692913385828,0.6384489813323823,0.06056862485985574,0.7665030865055056,species,capped
Metabuli,metabuli,prec0_ms0.15_ptax10239,mock_comb2,98,50,50,48,0,0.5102040816326531,1,0.6756756756756758,0.7166639711448378,0.015585843506317013,0.6082991557302055,species,capped
Metabuli,metabuli,prec0_ms0.15_ptax10239,mock_comb3,104,50,50,54,0,0.4807692307692308,1,0.6493506493506493,0.7099063975074512,0.015820363759966153,0.6924994427028464,species,capped
Metabuli,metabuli,prec0_ms0.15_ptax10239,mock_comb_fam1,80,40,40,40,0,0.5,1,0.6666666666666666,0.7050520750100698,-0.0010548199539847402,0.6736364863663792,species,capped
Metabuli,metabuli,prec0_ms0.15_ptax10239,mock_comb_fam2,95,40,40,55,0,0.42105263157894735,1,0.5925925925925926,0.7107062146947514,0.010470380187445854,0.6942663538704072,species,capped
Metabuli,metabuli,prec0_ms0.15_ptax10239,mock_comb_fam3,90,40,40,50,0,0.4444444444444444,1,0.6153846153846153,0.6952310889740676,0.0117265666073434,0.7084657358910128,species,capped
Metabuli,metabuli,prec0_ms0.15_ptaxnone,mock_comb1,86,41,41,45,0,0.47674418604651164,1,0.6456692913385828,0.6384489813323823,0.06056862485985574,0.7665030865055056,species,capped
Metabuli,metabuli,prec0_ms0.15_ptaxnone,mock_comb2,98,50,50,48,0,0.5102040816326531,1,0.6756756756756758,0.7166639711448378,0.015585843506317013,0.6082991557302055,species,capped
Metabuli,metabuli,prec0_ms0.15_ptaxnone,mock_comb3,104,50,50,54,0,0.4807692307692308,1,0.6493506493506493,0.7099063975074512,0.015820363759966153,0.6924994427028464,species,capped
Metabuli,metabuli,prec0_ms0.15_ptaxnone,mock_comb_fam1,80,40,40,40,0,0.5,1,0.6666666666666666,0.7050520750100698,-0.0010548199539847402,0.6736364863663792,species,capped
Metabuli,metabuli,prec0_ms0.15_ptaxnone,mock_comb_fam2,95,40,40,55,0,0.42105263157894735,1,0.5925925925925926,0.7107062146947514,0.010470380187445854,0.6942663538704072,species,capped
Metabuli,metabuli,prec0_ms0.15_ptaxnone,mock_comb_fam3,90,40,40,50,0,0.4444444444444444,1,0.6153846153846153,0.6952310889740676,0.0117265666073434,0.7084657358910128,species,capped
Metabuli,metabuli,prec0_ms0_ptax10239,mock_comb1,659,41,41,618,0,0.0622154779969651,1,0.11714285714285715,0.878649951205194,0.10637873008042911,0.26388907421806557,species,capped
Metabuli,metabuli,prec0_ms0_ptax10239,mock_comb2,763,50,50,713,0,0.0655307994757536,1,0.12300123001230011,0.9010300398368402,0.06376959464213974,0.20680024516803552,species,capped
Metabuli,metabuli,prec0_ms0_ptax10239,mock_comb3,645,50,50,595,0,0.07751937984496124,1,0.14388489208633096,0.8712612459880047,0.05508891539353567,0.27186991871024435,species,capped
Metabuli,metabuli,prec0_ms0_ptax10239,mock_comb_fam1,714,40,40,674,0,0.056022408963585436,1,0.10610079575596817,0.9140592856197894,0.044567885080772855,0.23447026579606375,species,capped
Metabuli,metabuli,prec0_ms0_ptax10239,mock_comb_fam2,716,40,40,676,0,0.055865921787709494,1,0.10582010582010581,0.9135610019496534,0.037788924340438186,0.24344655982564387,species,capped
Metabuli,metabuli,prec0_ms0_ptax10239,mock_comb_fam3,728,40,40,688,0,0.054945054945054944,1,0.10416666666666666,0.8964869049341859,0.05527564010514367,0.2663454699025566,species,capped
Metabuli,metabuli,prec0_ms0_ptaxnone,mock_comb1,659,41,41,618,0,0.0622154779969651,1,0.11714285714285715,0.878649951205194,0.10637873008042911,0.26388907421806557,species,capped
Metabuli,metabuli,prec0_ms0_ptaxnone,mock_comb2,763,50,50,713,0,0.0655307994757536,1,0.12300123001230011,0.9010300398368402,0.06376959464213974,0.20680024516803552,species,capped
Metabuli,metabuli,prec0_ms0_ptaxnone,mock_comb3,645,50,50,595,0,0.07751937984496124,1,0.14388489208633096,0.8712612459880047,0.05508891539353567,0.27186991871024435,species,capped
Metabuli,metabuli,prec0_ms0_ptaxnone,mock_comb_fam1,714,40,40,674,0,0.056022408963585436,1,0.10610079575596817,0.9140592856197894,0.044567885080772855,0.23447026579606375,species,capped
Metabuli,metabuli,prec0_ms0_ptaxnone,mock_comb_fam2,716,40,40,676,0,0.055865921787709494,1,0.10582010582010581,0.9135610019496534,0.037788924340438186,0.24344655982564387,species,capped
Metabuli,metabuli,prec0_ms0_ptaxnone,mock_comb_fam3,728,40,40,688,0,0.054945054945054944,1,0.10416666666666666,0.8964869049341859,0.05527564010514367,0.2663454699025566,species,capped
Metabuli,metabuli,prec1_ms0.15_ptax10239,mock_comb1,52,41,38,14,3,0.7307692307692307,0.926829268292683,0.8172043010752689,0.7334877115201427,-0.02738303888481439,0.394353407106534,species,capped
Metabuli,metabuli,prec1_ms0.15_ptax10239,mock_comb2,62,50,43,19,7,0.6935483870967742,0.86,0.7678571428571428,0.7948144052402175,-0.0353975295025208,0.12968501244642014,species,capped
Metabuli,metabuli,prec1_ms0.15_ptax10239,mock_comb3,65,50,49,16,1,0.7538461538461538,0.98,0.8521739130434782,0.7720476633057978,-0.04473353619792618,0.5197812421513788,species,capped
Metabuli,metabuli,prec1_ms0.15_ptax10239,mock_comb_fam1,52,40,37,15,3,0.7115384615384616,0.925,0.8043478260869567,0.7772024042518063,-0.07203362580424935,0.27316712136237126,species,capped
Metabuli,metabuli,prec1_ms0.15_ptax10239,mock_comb_fam2,50,40,34,16,6,0.68,0.85,0.7555555555555556,0.7495884692357847,-0.0526809929731177,0.4391599430820631,species,capped
Metabuli,metabuli,prec1_ms0.15_ptax10239,mock_comb_fam3,52,40,36,16,4,0.6923076923076923,0.9,0.7826086956521738,0.7900268232360588,-0.0759367387726405,0.18991738070108427,species,capped
Metabuli,metabuli,prec1_ms0.15_ptaxnone,mock_comb1,52,41,38,14,3,0.7307692307692307,0.926829268292683,0.8172043010752689,0.7334877115201427,-0.02738303888481439,0.394353407106534,species,capped
Metabuli,metabuli,prec1_ms0.15_ptaxnone,mock_comb2,62,50,43,19,7,0.6935483870967742,0.86,0.7678571428571428,0.7948144052402175,-0.0353975295025208,0.12968501244642014,species,capped
Metabuli,metabuli,prec1_ms0.15_ptaxnone,mock_comb3,65,50,49,16,1,0.7538461538461538,0.98,0.8521739130434782,0.7720476633057978,-0.04473353619792618,0.5197812421513788,species,capped
Metabuli,metabuli,prec1_ms0.15_ptaxnone,mock_comb_fam1,52,40,37,15,3,0.7115384615384616,0.925,0.8043478260869567,0.7772024042518063,-0.07203362580424935,0.27316712136237126,species,capped
Metabuli,metabuli,prec1_ms0.15_ptaxnone,mock_comb_fam2,50,40,34,16,6,0.68,0.85,0.7555555555555556,0.7495884692357847,-0.0526809929731177,0.4391599430820631,species,capped
Metabuli,metabuli,prec1_ms0.15_ptaxnone,mock_comb_fam3,52,40,36,16,4,0.6923076923076923,0.9,0.7826086956521738,0.7900268232360588,-0.0759367387726405,0.18991738070108427,species,capped
Metabuli,metabuli,prec1_ms0_ptax10239,mock_comb1,52,41,38,14,3,0.7307692307692307,0.926829268292683,0.8172043010752689,0.7334877115201427,-0.02738303888481439,0.394353407106534,species,capped
Metabuli,metabuli,prec1_ms0_ptax10239,mock_comb2,62,50,43,19,7,0.6935483870967742,0.86,0.7678571428571428,0.7948144052402175,-0.0353975295025208,0.12968501244642014,species,capped
Metabuli,metabuli,prec1_ms0_ptax10239,mock_comb3,65,50,49,16,1,0.7538461538461538,0.98,0.8521739130434782,0.7720476633057978,-0.04473353619792618,0.5197812421513788,species,capped
Metabuli,metabuli,prec1_ms0_ptax10239,mock_comb_fam1,52,40,37,15,3,0.7115384615384616,0.925,0.8043478260869567,0.7772024042518063,-0.07203362580424935,0.27316712136237126,species,capped
Metabuli,metabuli,prec1_ms0_ptax10239,mock_comb_fam2,50,40,34,16,6,0.68,0.85,0.7555555555555556,0.7495884692357847,-0.0526809929731177,0.4391599430820631,species,capped
Metabuli,metabuli,prec1_ms0_ptax10239,mock_comb_fam3,52,40,36,16,4,0.6923076923076923,0.9,0.7826086956521738,0.7900268232360588,-0.0759367387726405,0.18991738070108427,species,capped
Metabuli,metabuli,prec1_ms0_ptaxnone,mock_comb1,52,41,38,14,3,0.7307692307692307,0.926829268292683,0.8172043010752689,0.7334877115201427,-0.02738303888481439,0.394353407106534,species,capped
Metabuli,metabuli,prec1_ms0_ptaxnone,mock_comb2,62,50,43,19,7,0.6935483870967742,0.86,0.7678571428571428,0.7948144052402175,-0.0353975295025208,0.12968501244642014,species,capped
Metabuli,metabuli,prec1_ms0_ptaxnone,mock_comb3,65,50,49,16,1,0.7538461538461538,0.98,0.8521739130434782,0.7720476633057978,-0.04473353619792618,0.5197812421513788,species,capped
Metabuli,metabuli,prec1_ms0_ptaxnone,mock_comb_fam1,52,40,37,15,3,0.7115384615384616,0.925,0.8043478260869567,0.7772024042518063,-0.07203362580424935,0.27316712136237126,species,capped
Metabuli,metabuli,prec1_ms0_ptaxnone,mock_comb_fam2,50,40,34,16,6,0.68,0.85,0.7555555555555556,0.7495884692357847,-0.0526809929731177,0.4391599430820631,species,capped
Metabuli,metabuli,prec1_ms0_ptaxnone,mock_comb_fam3,52,40,36,16,4,0.6923076923076923,0.9,0.7826086956521738,0.7900268232360588,-0.0759367387726405,0.18991738070108427,species,capped
Sylph,sylph,mnk10,mock_comb1,20,41,20,0,21,1,0.4878048780487805,0.6557377049180327,0.5287942809080084,0.6224288827044859,0.42550692619423924,species,capped
Sylph,sylph,mnk10,mock_comb2,22,50,21,1,29,0.9545454545454546,0.42,0.5833333333333334,0.5722646310432572,0.8190979497693516,0.3859248659902388,species,capped
Sylph,sylph,mnk10,mock_comb3,26,50,26,0,24,1,0.52,0.6842105263157895,0.5456852988253952,0.7082780891666371,0.3366709454052455,species,capped
Sylph,sylph,mnk10,mock_comb_fam1,20,40,20,0,20,1,0.5,0.6666666666666666,0.5505149866913552,0.47890263963772656,0.3528063182393049,species,capped
Sylph,sylph,mnk10,mock_comb_fam2,18,40,18,0,22,1,0.45,0.6206896551724138,0.4905048633626681,0.6175626521491108,0.58461281410128,species,capped
Sylph,sylph,mnk10,mock_comb_fam3,19,40,19,0,21,1,0.475,0.6440677966101694,0.6675044883303414,0.28691754500534705,0.06869040186603423,species,capped
Sylph,sylph,mnk20,mock_comb1,15,41,15,0,26,1,0.36585365853658536,0.5357142857142857,0.5468284294589123,0.6272092612977757,0.561211146067823,species,capped
Sylph,sylph,mnk20,mock_comb2,20,50,19,1,31,0.95,0.38,0.5428571428571428,0.6336012539440207,0.7023426285492904,0.33656146754381366,species,capped
Sylph,sylph,mnk20,mock_comb3,19,50,19,0,31,1,0.38,0.5507246376811594,0.6052438912342292,0.7194257161486659,0.3309139484603545,species,capped
Sylph,sylph,mnk20,mock_comb_fam1,17,40,17,0,23,1,0.425,0.5964912280701754,0.5764689565712008,0.4837731319806499,0.3857893326246609,species,capped
Sylph,sylph,mnk20,mock_comb_fam2,16,40,16,0,24,1,0.4,0.5714285714285715,0.511102280931068,0.6272230831325397,0.6172340252374771,species,capped
Sylph,sylph,mnk20,mock_comb_fam3,14,40,14,0,26,1,0.35,0.5185185185185185,0.8276481149012568,-0.14394269989265457,-0.09397745501602245,species,capped
Sylph,sylph,mnk50,mock_comb1,10,41,10,0,31,1,0.24390243902439024,0.39215686274509803,0.7052191096129256,0.3824988473718606,0.20580584634826796,species,capped
Sylph,sylph,mnk50,mock_comb2,4,50,4,0,46,1,0.08,0.14814814814814814,0.8564885496183204,0.6582487547753363,0.2510118039291998,species,capped
Sylph,sylph,mnk50,mock_comb3,11,50,11,0,39,1,0.22,0.36065573770491804,0.7990338164251208,0.43369992504348215,0.16746093005985616,species,capped
Sylph,sylph,mnk50,mock_comb_fam1,7,40,7,0,33,1,0.175,0.2978723404255319,0.8532577248003703,0.04057933830685651,0.15870316176737387,species,capped
Sylph,sylph,mnk50,mock_comb_fam2,9,40,9,0,31,1,0.225,0.36734693877551017,0.704724409448819,0.4420157957015291,0.43238935165054393,species,capped
Sylph,sylph,mnk50,mock_comb_fam3,11,40,11,0,29,1,0.275,0.4313725490196079,0.8535008976660682,-0.10617109633615149,-0.006917685814298513,species,capped
EsViritu,esviritu,sense,mock_comb1,20,45,20,0,25,1,0.4444444444444444,0.6153846153846153,0.5137495805891883,0.1694260899673003,0.17609111301591646,subspecies,strict
EsViritu,esviritu,sense,mock_comb2,20,51,20,0,31,1,0.39215686274509803,0.5633802816901409,0.5597337112357437,0.46685616276611386,0.11004375314498202,subspecies,strict
EsViritu,esviritu,sense,mock_comb3,22,46,22,0,24,1,0.4782608695652174,0.6470588235294118,0.44959198404096695,0.6028677142585097,0.2202472423276593,subspecies,strict
EsViritu,esviritu,sense,mock_comb_fam1,22,43,22,0,21,1,0.5116279069767442,0.676923076923077,0.3926522472564869,0.7135483868263919,0.16935820213669397,subspecies,strict
EsViritu,esviritu,sense,mock_comb_fam2,19,39,19,0,20,1,0.48717948717948717,0.6551724137931034,0.3265625212243225,0.8028822894834273,0.4309229275878652,subspecies,strict
EsViritu,esviritu,sense,mock_comb_fam3,22,39,22,0,17,1,0.5641025641025641,0.7213114754098361,0.4509701194342823,0.2542524923200408,0.13712985429186994,subspecies,strict
EsViritu,esviritu,sr,mock_comb1,23,45,23,0,22,1,0.5111111111111111,0.676470588235294,0.4475980784825834,0.5628679728223438,0.3367754719883746,subspecies,strict
EsViritu,esviritu,sr,mock_comb2,20,51,20,0,31,1,0.39215686274509803,0.5633802816901409,0.5795634467485611,0.45478723567908313,0.11004696361726386,subspecies,strict
EsViritu,esviritu,sr,mock_comb3,23,46,23,0,23,1,0.5,0.6666666666666666,0.4914944711066739,0.5990652917522679,0.1926189027919366,subspecies,strict
EsViritu,esviritu,sr,mock_comb_fam1,22,43,22,0,21,1,0.5116279069767442,0.676923076923077,0.44557845204934154,0.7165813360328003,0.16614381158605682,subspecies,strict
EsViritu,esviritu,sr,mock_comb_fam2,21,39,21,0,18,1,0.5384615384615384,0.7000000000000001,0.3527988434394094,0.7983708516054808,0.4012344697414268,subspecies,strict
EsViritu,esviritu,sr,mock_comb_fam3,23,39,23,0,16,1,0.5897435897435898,0.7419354838709677,0.499376930161998,0.2496605142524603,0.11836358764437635,subspecies,strict
Centrifuger,centrifuger,mhl100_ms0,mock_comb1,25,45,21,4,24,0.84,0.4666666666666667,0.6000000000000001,0.7858241966780645,0.08686761571638961,0.032835299658064566,subspecies,strict
Centrifuger,centrifuger,mhl100_ms0,mock_comb2,23,51,20,3,31,0.8695652173913043,0.39215686274509803,0.5405405405405406,0.8271975509937334,0.030108237959094897,-0.022972819044851298,subspecies,strict
Centrifuger,centrifuger,mhl100_ms0,mock_comb3,25,46,22,3,24,0.88,0.4782608695652174,0.619718309859155,0.7935064556556207,0.42780197929209407,-0.06422116467393928,subspecies,strict
Centrifuger,centrifuger,mhl100_ms0,mock_comb_fam1,24,43,22,2,21,0.9166666666666666,0.5116279069767442,0.6567164179104478,0.7515794393303344,0.6897552022118193,0.11596322420822387,subspecies,strict
Centrifuger,centrifuger,mhl100_ms0,mock_comb_fam2,19,39,17,2,22,0.8947368421052632,0.4358974358974359,0.5862068965517242,0.7642579735346477,0.4710558396669664,0.20631004751365226,subspecies,strict
Centrifuger,centrifuger,mhl100_ms0,mock_comb_fam3,23,39,21,2,18,0.9130434782608695,0.5384615384615384,0.6774193548387096,0.6746544082527973,0.30457091241211304,0.0031894745716814716,subspecies,strict
Centrifuger,centrifuger,mhl100_ms100,mock_comb1,25,45,21,4,24,0.84,0.4666666666666667,0.6000000000000001,0.7858241966780645,0.08686761571638961,0.032835299658064566,subspecies,strict
Centrifuger,centrifuger,mhl100_ms100,mock_comb2,23,51,20,3,31,0.8695652173913043,0.39215686274509803,0.5405405405405406,0.8271975509937334,0.030108237959094897,-0.022972819044851298,subspecies,strict
Centrifuger,centrifuger,mhl100_ms100,mock_comb3,25,46,22,3,24,0.88,0.4782608695652174,0.619718309859155,0.7935064556556207,0.42780197929209407,-0.06422116467393928,subspecies,strict
Centrifuger,centrifuger,mhl100_ms100,mock_comb_fam1,24,43,22,2,21,0.9166666666666666,0.5116279069767442,0.6567164179104478,0.7515794393303344,0.6897552022118193,0.11596322420822387,subspecies,strict
Centrifuger,centrifuger,mhl100_ms100,mock_comb_fam2,19,39,17,2,22,0.8947368421052632,0.4358974358974359,0.5862068965517242,0.7642579735346477,0.4710558396669664,0.20631004751365226,subspecies,strict
Centrifuger,centrifuger,mhl100_ms100,mock_comb_fam3,23,39,21,2,18,0.9130434782608695,0.5384615384615384,0.6774193548387096,0.6746544082527973,0.30457091241211304,0.0031894745716814716,subspecies,strict
Centrifuger,centrifuger,mhl100_ms500,mock_comb1,25,45,21,4,24,0.84,0.4666666666666667,0.6000000000000001,0.7858241966780645,0.08686761571638961,0.032835299658064566,subspecies,strict
Centrifuger,centrifuger,mhl100_ms500,mock_comb2,23,51,20,3,31,0.8695652173913043,0.39215686274509803,0.5405405405405406,0.8271975509937334,0.030108237959094897,-0.022972819044851298,subspecies,strict
Centrifuger,centrifuger,mhl100_ms500,mock_comb3,25,46,22,3,24,0.88,0.4782608695652174,0.619718309859155,0.7935064556556207,0.42780197929209407,-0.06422116467393928,subspecies,strict
Centrifuger,centrifuger,mhl100_ms500,mock_comb_fam1,24,43,22,2,21,0.9166666666666666,0.5116279069767442,0.6567164179104478,0.7515794393303344,0.6897552022118193,0.11596322420822387,subspecies,strict
Centrifuger,centrifuger,mhl100_ms500,mock_comb_fam2,19,39,17,2,22,0.8947368421052632,0.4358974358974359,0.5862068965517242,0.7642579735346477,0.4710558396669664,0.20631004751365226,subspecies,strict
Centrifuger,centrifuger,mhl100_ms500,mock_comb_fam3,23,39,21,2,18,0.9130434782608695,0.5384615384615384,0.6774193548387096,0.6746544082527973,0.30457091241211304,0.0031894745716814716,subspecies,strict
Centrifuger,centrifuger,mhl50_ms0,mock_comb1,39,45,27,12,18,0.6923076923076923,0.6,0.6428571428571429,0.8997565925638582,0.4978811176750388,0.13447326034936993,subspecies,strict
Centrifuger,centrifuger,mhl50_ms0,mock_comb2,41,51,32,9,19,0.7804878048780488,0.6274509803921569,0.6956521739130435,0.9244987566499765,0.2690197970185992,0.06883677585812406,subspecies,strict
Centrifuger,centrifuger,mhl50_ms0,mock_comb3,42,46,30,12,16,0.7142857142857143,0.6521739130434783,0.6818181818181819,0.9132086511708984,0.48651046468397613,0.05253968308093266,subspecies,strict
Centrifuger,centrifuger,mhl50_ms0,mock_comb_fam1,38,43,31,7,12,0.8157894736842105,0.7209302325581395,0.765432098765432,0.8893870454086993,0.731164203140385,0.22802065426329948,subspecies,strict
Centrifuger,centrifuger,mhl50_ms0,mock_comb_fam2,37,39,27,10,12,0.7297297297297297,0.6923076923076923,0.7105263157894737,0.9222252100460391,0.5376771666671363,0.2217794357746044,subspecies,strict
Centrifuger,centrifuger,mhl50_ms0,mock_comb_fam3,40,39,29,11,10,0.725,0.7435897435897436,0.7341772151898733,0.8804893657759226,0.3546555614974275,0.18126254554046392,subspecies,strict
Centrifuger,centrifuger,mhl50_ms100,mock_comb1,39,45,27,12,18,0.6923076923076923,0.6,0.6428571428571429,0.8997565925638582,0.4978811176750388,0.13447326034936993,subspecies,strict
Centrifuger,centrifuger,mhl50_ms100,mock_comb2,41,51,32,9,19,0.7804878048780488,0.6274509803921569,0.6956521739130435,0.9244987566499765,0.2690197970185992,0.06883677585812406,subspecies,strict
Centrifuger,centrifuger,mhl50_ms100,mock_comb3,42,46,30,12,16,0.7142857142857143,0.6521739130434783,0.6818181818181819,0.9132086511708984,0.48651046468397613,0.05253968308093266,subspecies,strict
Centrifuger,centrifuger,mhl50_ms100,mock_comb_fam1,38,43,31,7,12,0.8157894736842105,0.7209302325581395,0.765432098765432,0.8893870454086993,0.731164203140385,0.22802065426329948,subspecies,strict
Centrifuger,centrifuger,mhl50_ms100,mock_comb_fam2,37,39,27,10,12,0.7297297297297297,0.6923076923076923,0.7105263157894737,0.9222252100460391,0.5376771666671363,0.2217794357746044,subspecies,strict
Centrifuger,centrifuger,mhl50_ms100,mock_comb_fam3,40,39,29,11,10,0.725,0.7435897435897436,0.7341772151898733,0.8804893657759226,0.3546555614974275,0.18126254554046392,subspecies,strict
Centrifuger,centrifuger,mhl50_ms500,mock_comb1,39,45,27,12,18,0.6923076923076923,0.6,0.6428571428571429,0.8997565925638582,0.4978811176750388,0.13447326034936993,subspecies,strict
Centrifuger,centrifuger,mhl50_ms500,mock_comb2,41,51,32,9,19,0.7804878048780488,0.6274509803921569,0.6956521739130435,0.9244987566499765,0.2690197970185992,0.06883677585812406,subspecies,strict
Centrifuger,centrifuger,mhl50_ms500,mock_comb3,42,46,30,12,16,0.7142857142857143,0.6521739130434783,0.6818181818181819,0.9132086511708984,0.48651046468397613,0.05253968308093266,subspecies,strict
Centrifuger,centrifuger,mhl50_ms500,mock_comb_fam1,38,43,31,7,12,0.8157894736842105,0.7209302325581395,0.765432098765432,0.8893870454086993,0.731164203140385,0.22802065426329948,subspecies,strict
Centrifuger,centrifuger,mhl50_ms500,mock_comb_fam2,37,39,27,10,12,0.7297297297297297,0.6923076923076923,0.7105263157894737,0.9222252100460391,0.5376771666671363,0.2217794357746044,subspecies,strict
Centrifuger,centrifuger,mhl50_ms500,mock_comb_fam3,40,39,29,11,10,0.725,0.7435897435897436,0.7341772151898733,0.8804893657759226,0.3546555614974275,0.18126254554046392,subspecies,strict
Centrifuger,centrifuger,mhlauto_ms0,mock_comb1,696,45,43,653,2,0.0617816091954023,0.9555555555555556,0.11605937921727395,0.9667637586179824,0.42649714756399115,0.23280169582830945,subspecies,strict
Centrifuger,centrifuger,mhlauto_ms0,mock_comb2,768,51,50,718,1,0.06510416666666667,0.9803921568627451,0.1221001221001221,0.981040459027324,0.2760231125568451,0.24674344190505018,subspecies,strict
Centrifuger,centrifuger,mhlauto_ms0,mock_comb3,691,46,43,648,3,0.06222865412445731,0.9347826086956522,0.11668928086838534,0.9756107979172013,0.18744173685811918,0.2264744033649234,subspecies,strict
Centrifuger,centrifuger,mhlauto_ms0,mock_comb_fam1,648,43,42,606,1,0.06481481481481481,0.9767441860465116,0.1215629522431259,0.9698457414208902,0.1754830811207826,0.29509174764806345,subspecies,strict
Centrifuger,centrifuger,mhlauto_ms0,mock_comb_fam2,694,39,39,655,0,0.056195965417867436,1,0.10641200545702592,0.9731153531150132,0.1785406298435594,0.2825179085567233,subspecies,strict
Centrifuger,centrifuger,mhlauto_ms0,mock_comb_fam3,676,39,39,637,0,0.057692307692307696,1,0.1090909090909091,0.9749695218314378,0.12052657454914774,0.2706047302832906,subspecies,strict
Centrifuger,centrifuger,mhlauto_ms100,mock_comb1,237,45,42,195,3,0.17721518987341772,0.9333333333333333,0.2978723404255319,0.9481035349352119,0.5213516663964136,0.2668705906941171,subspecies,strict
Centrifuger,centrifuger,mhlauto_ms100,mock_comb2,269,51,50,219,1,0.18587360594795538,0.9803921568627451,0.3125,0.9699150713630887,0.26022714421846105,0.3164645266933582,subspecies,strict
Centrifuger,centrifuger,mhlauto_ms100,mock_comb3,248,46,43,205,3,0.17338709677419356,0.9347826086956522,0.2925170068027211,0.9629665554612781,0.21600138920853482,0.30789476558718987,subspecies,strict
Centrifuger,centrifuger,mhlauto_ms100,mock_comb_fam1,210,43,42,168,1,0.2,0.9767441860465116,0.33201581027667987,0.9572961998432242,0.23558851146143955,0.38817164295453505,subspecies,strict
Centrifuger,centrifuger,mhlauto_ms100,mock_comb_fam2,225,39,38,187,1,0.1688888888888889,0.9743589743589743,0.28787878787878785,0.9632081212881977,0.21460350043684964,0.3937915583723459,subspecies,strict
Centrifuger,centrifuger,mhlauto_ms100,mock_comb_fam3,227,39,38,189,1,0.16740088105726872,0.9743589743589743,0.2857142857142857,0.9651550092108147,0.1512782626327257,0.37729862406130765,subspecies,strict
Centrifuger,centrifuger,mhlauto_ms500,mock_comb1,66,45,34,32,11,0.5151515151515151,0.7555555555555555,0.6126126126126126,0.9192852907136574,0.6647914270005343,0.09892494459795761,subspecies,strict
Centrifuger,centrifuger,mhlauto_ms500,mock_comb2,74,51,43,31,8,0.581081081081081,0.8431372549019608,0.688,0.9444754344931382,0.3236213038879153,0.08900857890388257,subspecies,strict
Centrifuger,centrifuger,mhlauto_ms500,mock_comb3,71,46,37,34,9,0.5211267605633803,0.8043478260869565,0.6324786324786325,0.9325874088564643,0.4812268682949222,0.13201363486568382,subspecies,strict
Centrifuger,centrifuger,mhlauto_ms500,mock_comb_fam1,63,43,37,26,6,0.5873015873015873,0.8604651162790697,0.6981132075471699,0.9209660678325957,0.7753368024572465,0.3465883751847684,subspecies,strict
Centrifuger,centrifuger,mhlauto_ms500,mock_comb_fam2,60,39,32,28,7,0.5333333333333333,0.8205128205128205,0.6464646464646464,0.9401875840789359,0.4713780508344067,0.19943274926069002,subspecies,strict
Centrifuger,centrifuger,mhlauto_ms500,mock_comb_fam3,63,39,33,30,6,0.5238095238095238,0.8461538461538461,0.6470588235294118,0.9270134045746015,0.43809890808825747,0.313172599143319,subspecies,strict
Kraken2,kraken2,conf0.2_mhg2,mock_comb1,31,45,23,8,22,0.7419354838709677,0.5111111111111111,0.6052631578947368,0.4391111249145911,0.7045569782919,0.2227444279948575,subspecies,strict
Kraken2,kraken2,conf0.2_mhg2,mock_comb2,33,51,27,6,24,0.8181818181818182,0.5294117647058824,0.6428571428571428,0.48782013414161013,0.623120160031101,0.025762975680718787,subspecies,strict
Kraken2,kraken2,conf0.2_mhg2,mock_comb3,36,46,27,9,19,0.75,0.5869565217391305,0.6585365853658538,0.48487101984202907,0.5378588856609209,0.12760092729595124,subspecies,strict
Kraken2,kraken2,conf0.2_mhg2,mock_comb_fam1,33,43,31,2,12,0.9393939393939394,0.7209302325581395,0.8157894736842105,0.40696111667754364,0.7568227110215708,0.2567822896539485,subspecies,strict
Kraken2,kraken2,conf0.2_mhg2,mock_comb_fam2,29,39,25,4,14,0.8620689655172413,0.6410256410256411,0.7352941176470588,0.40255719576822974,0.5407277986338694,0.278517017377675,subspecies,strict
Kraken2,kraken2,conf0.2_mhg2,mock_comb_fam3,33,39,26,7,13,0.7878787878787878,0.6666666666666666,0.7222222222222221,0.5697242220625174,0.32511412860437905,0.08697658199073842,subspecies,strict
Kraken2,kraken2,conf0.2_mhg3,mock_comb1,31,45,23,8,22,0.7419354838709677,0.5111111111111111,0.6052631578947368,0.4391111249145911,0.7045569782919,0.2227444279948575,subspecies,strict
Kraken2,kraken2,conf0.2_mhg3,mock_comb2,33,51,27,6,24,0.8181818181818182,0.5294117647058824,0.6428571428571428,0.48782013414161013,0.623120160031101,0.025762975680718787,subspecies,strict
Kraken2,kraken2,conf0.2_mhg3,mock_comb3,36,46,27,9,19,0.75,0.5869565217391305,0.6585365853658538,0.48487101984202907,0.5378588856609209,0.12760092729595124,subspecies,strict
Kraken2,kraken2,conf0.2_mhg3,mock_comb_fam1,33,43,31,2,12,0.9393939393939394,0.7209302325581395,0.8157894736842105,0.40696111667754364,0.7568227110215708,0.2567822896539485,subspecies,strict
Kraken2,kraken2,conf0.2_mhg3,mock_comb_fam2,29,39,25,4,14,0.8620689655172413,0.6410256410256411,0.7352941176470588,0.40255719576822974,0.5407277986338694,0.278517017377675,subspecies,strict
Kraken2,kraken2,conf0.2_mhg3,mock_comb_fam3,33,39,26,7,13,0.7878787878787878,0.6666666666666666,0.7222222222222221,0.5697242220625174,0.32511412860437905,0.08697658199073842,subspecies,strict
Kraken2,kraken2,conf0.2_mhg5,mock_comb1,31,45,23,8,22,0.7419354838709677,0.5111111111111111,0.6052631578947368,0.4391111249145911,0.7045569782919,0.2227444279948575,subspecies,strict
Kraken2,kraken2,conf0.2_mhg5,mock_comb2,33,51,27,6,24,0.8181818181818182,0.5294117647058824,0.6428571428571428,0.48782013414161013,0.623120160031101,0.025762975680718787,subspecies,strict
Kraken2,kraken2,conf0.2_mhg5,mock_comb3,36,46,27,9,19,0.75,0.5869565217391305,0.6585365853658538,0.48487101984202907,0.5378588856609209,0.12760092729595124,subspecies,strict
Kraken2,kraken2,conf0.2_mhg5,mock_comb_fam1,33,43,31,2,12,0.9393939393939394,0.7209302325581395,0.8157894736842105,0.40696111667754364,0.7568227110215708,0.2567822896539485,subspecies,strict
Kraken2,kraken2,conf0.2_mhg5,mock_comb_fam2,29,39,25,4,14,0.8620689655172413,0.6410256410256411,0.7352941176470588,0.40255719576822974,0.5407277986338694,0.278517017377675,subspecies,strict
Kraken2,kraken2,conf0.2_mhg5,mock_comb_fam3,33,39,26,7,13,0.7878787878787878,0.6666666666666666,0.7222222222222221,0.5697242220625174,0.32511412860437905,0.08697658199073842,subspecies,strict
Kraken2,kraken2,conf0.5_mhg2,mock_comb1,21,45,18,3,27,0.8571428571428571,0.4,0.5454545454545455,0.6737113659703643,0.09282010870405756,0.11511916113655551,subspecies,strict
Kraken2,kraken2,conf0.5_mhg2,mock_comb2,23,51,19,4,32,0.8260869565217391,0.37254901960784315,0.5135135135135135,0.692314435201841,0.13275655565210123,-0.022172541944635693,subspecies,strict
Kraken2,kraken2,conf0.5_mhg2,mock_comb3,28,46,24,4,22,0.8571428571428571,0.5217391304347826,0.6486486486486486,0.6883336554743471,0.43511392646607333,-0.03927636270807897,subspecies,strict
Kraken2,kraken2,conf0.5_mhg2,mock_comb_fam1,24,43,23,1,20,0.9583333333333334,0.5348837209302325,0.6865671641791045,0.60089734785474,0.7187443360063245,0.07698928687818844,subspecies,strict
Kraken2,kraken2,conf0.5_mhg2,mock_comb_fam2,19,39,18,1,21,0.9473684210526315,0.46153846153846156,0.6206896551724138,0.5771577135242763,0.5157730983038868,0.22870884613096232,subspecies,strict
Kraken2,kraken2,conf0.5_mhg2,mock_comb_fam3,22,39,20,2,19,0.9090909090909091,0.5128205128205128,0.6557377049180326,0.6906591619751883,0.32350452048063194,0.08148452792860734,subspecies,strict
Kraken2,kraken2,conf0.5_mhg3,mock_comb1,21,45,18,3,27,0.8571428571428571,0.4,0.5454545454545455,0.6737113659703643,0.09282010870405756,0.11511916113655551,subspecies,strict
Kraken2,kraken2,conf0.5_mhg3,mock_comb2,23,51,19,4,32,0.8260869565217391,0.37254901960784315,0.5135135135135135,0.692314435201841,0.13275655565210123,-0.022172541944635693,subspecies,strict
Kraken2,kraken2,conf0.5_mhg3,mock_comb3,28,46,24,4,22,0.8571428571428571,0.5217391304347826,0.6486486486486486,0.6883336554743471,0.43511392646607333,-0.03927636270807897,subspecies,strict
Kraken2,kraken2,conf0.5_mhg3,mock_comb_fam1,24,43,23,1,20,0.9583333333333334,0.5348837209302325,0.6865671641791045,0.60089734785474,0.7187443360063245,0.07698928687818844,subspecies,strict
Kraken2,kraken2,conf0.5_mhg3,mock_comb_fam2,19,39,18,1,21,0.9473684210526315,0.46153846153846156,0.6206896551724138,0.5771577135242763,0.5157730983038868,0.22870884613096232,subspecies,strict
Kraken2,kraken2,conf0.5_mhg3,mock_comb_fam3,22,39,20,2,19,0.9090909090909091,0.5128205128205128,0.6557377049180326,0.6906591619751883,0.32350452048063194,0.08148452792860734,subspecies,strict
Kraken2,kraken2,conf0.5_mhg5,mock_comb1,21,45,18,3,27,0.8571428571428571,0.4,0.5454545454545455,0.6737113659703643,0.09282010870405756,0.11511916113655551,subspecies,strict
Kraken2,kraken2,conf0.5_mhg5,mock_comb2,23,51,19,4,32,0.8260869565217391,0.37254901960784315,0.5135135135135135,0.692314435201841,0.13275655565210123,-0.022172541944635693,subspecies,strict
Kraken2,kraken2,conf0.5_mhg5,mock_comb3,28,46,24,4,22,0.8571428571428571,0.5217391304347826,0.6486486486486486,0.6883336554743471,0.43511392646607333,-0.03927636270807897,subspecies,strict
Kraken2,kraken2,conf0.5_mhg5,mock_comb_fam1,24,43,23,1,20,0.9583333333333334,0.5348837209302325,0.6865671641791045,0.60089734785474,0.7187443360063245,0.07698928687818844,subspecies,strict
Kraken2,kraken2,conf0.5_mhg5,mock_comb_fam2,19,39,18,1,21,0.9473684210526315,0.46153846153846156,0.6206896551724138,0.5771577135242763,0.5157730983038868,0.22870884613096232,subspecies,strict
Kraken2,kraken2,conf0.5_mhg5,mock_comb_fam3,22,39,20,2,19,0.9090909090909091,0.5128205128205128,0.6557377049180326,0.6906591619751883,0.32350452048063194,0.08148452792860734,subspecies,strict
Kraken2,kraken2,conf0_mhg2,mock_comb1,79,45,42,37,3,0.5316455696202531,0.9333333333333333,0.6774193548387096,0.5925130872943413,0.9536758562211746,0.6578543734913279,subspecies,strict
Kraken2,kraken2,conf0_mhg2,mock_comb2,86,51,47,39,4,0.5465116279069767,0.9215686274509803,0.6861313868613138,0.6855092295427714,0.7739213726856877,0.6064339347456235,subspecies,strict
Kraken2,kraken2,conf0_mhg2,mock_comb3,97,46,42,55,4,0.4329896907216495,0.9130434782608695,0.5874125874125875,0.6586279918195708,0.7332720411788449,0.6501558209923867,subspecies,strict
Kraken2,kraken2,conf0_mhg2,mock_comb_fam1,72,43,41,31,2,0.5694444444444444,0.9534883720930233,0.7130434782608696,0.6264080412572708,0.8169407875550573,0.5877726662734567,subspecies,strict
Kraken2,kraken2,conf0_mhg2,mock_comb_fam2,67,39,36,31,3,0.5373134328358209,0.9230769230769231,0.6792452830188679,0.6830252294347801,0.5363685980414479,0.611964887130116,subspecies,strict
Kraken2,kraken2,conf0_mhg2,mock_comb_fam3,69,39,38,31,1,0.5507246376811594,0.9743589743589743,0.7037037037037037,0.6584549666934856,0.63914119807815,0.6600743893703173,subspecies,strict
Kraken2,kraken2,conf0_mhg3,mock_comb1,56,45,39,17,6,0.6964285714285714,0.8666666666666667,0.7722772277227722,0.48443679713110765,0.9536871009189553,0.5849877781265772,subspecies,strict
Kraken2,kraken2,conf0_mhg3,mock_comb2,67,51,46,21,5,0.6865671641791045,0.9019607843137255,0.7796610169491525,0.5862691046224494,0.763871877203026,0.6740168486313958,subspecies,strict
Kraken2,kraken2,conf0_mhg3,mock_comb3,78,46,41,37,5,0.5256410256410257,0.8913043478260869,0.6612903225806452,0.5538214590232327,0.7919531162007206,0.6725553476258674,subspecies,strict
Kraken2,kraken2,conf0_mhg3,mock_comb_fam1,53,43,38,15,5,0.71698113207547165,0.8837209302325582,0.7916666666666666,0.5421581436678219,0.8316822552260213,0.5050793201166631,subspecies,strict
Kraken2,kraken2,conf0_mhg3,mock_comb_fam2,51,39,36,15,3,0.7058823529411765,0.9230769230769231,0.8000000000000002,0.604215716430386,0.6280037921142264,0.619535618637776,subspecies,strict
Kraken2,kraken2,conf0_mhg3,mock_comb_fam3,57,39,36,21,3,0.631578947368421,0.9230769230769231,0.7499999999999999,0.5849132393345318,0.6033728631641232,0.5902284530769216,subspecies,strict
Kraken2,kraken2,conf0_mhg5,mock_comb1,50,45,37,13,8,0.74,0.8222222222222222,0.7789473684210526,0.46144543956559986,0.9386281019666303,0.5227150629917634,subspecies,strict
Kraken2,kraken2,conf0_mhg5,mock_comb2,57,51,43,14,8,0.7543859649122807,0.8431372549019608,0.7962962962962964,0.5716691902926625,0.7132973541863791,0.5746159213677857,subspecies,strict
Kraken2,kraken2,conf0_mhg5,mock_comb3,69,46,39,30,7,0.5652173913043478,0.8478260869565217,0.6782608695652174,0.5213795611511178,0.7522825003200007,0.5623779161009018,subspecies,strict
Kraken2,kraken2,conf0_mhg5,mock_comb_fam1,48,43,36,12,7,0.75,0.8372093023255814,0.7912087912087912,0.5056105832396415,0.8122539660093264,0.44884440103213147,subspecies,strict
Kraken2,kraken2,conf0_mhg5,mock_comb_fam2,45,39,35,10,4,0.7777777777777778,0.8974358974358975,0.8333333333333333,0.5864294537063937,0.5773023125837856,0.4403441257049723,subspecies,strict
Kraken2,kraken2,conf0_mhg5,mock_comb_fam3,53,39,34,19,5,0.6415094339622641,0.8717948717948718,0.7391304347826088,0.5264748946587745,0.5739612733153738,0.5217211501705915,subspecies,strict
Metabuli,metabuli,prec0_ms0.15_ptax10239,mock_comb1,82,45,37,45,8,0.45121951219512196,0.8222222222222222,0.5826771653543308,0.5763997258598886,0.9199032610536563,0.3793028750468595,subspecies,strict
Metabuli,metabuli,prec0_ms0.15_ptax10239,mock_comb2,84,51,44,40,7,0.5238095238095238,0.8627450980392157,0.6518518518518519,0.6668974110625465,0.7112456114437838,0.4746148912123564,subspecies,strict
Metabuli,metabuli,prec0_ms0.15_ptax10239,mock_comb3,105,46,40,65,6,0.38095238095238093,0.8695652173913043,0.5298013245033113,0.6364780328934676,0.7491331020840235,0.4872497597772712,subspecies,strict
Metabuli,metabuli,prec0_ms0.15_ptax10239,mock_comb_fam1,69,43,39,30,4,0.5652173913043478,0.9069767441860465,0.6964285714285715,0.5854771936384201,0.7981687459311319,0.4329827467039142,subspecies,strict
Metabuli,metabuli,prec0_ms0.15_ptax10239,mock_comb_fam2,78,39,36,42,3,0.46153846153846156,0.9230769230769231,0.6153846153846155,0.6366156968016625,0.6517505556071361,0.5477054957119165,subspecies,strict
Metabuli,metabuli,prec0_ms0.15_ptax10239,mock_comb_fam3,76,39,35,41,4,0.4605263157894737,0.8974358974358975,0.608695652173913,0.6048697027008387,0.5300653069039153,0.5390817750436826,subspecies,strict
Metabuli,metabuli,prec0_ms0.15_ptaxnone,mock_comb1,82,45,37,45,8,0.45121951219512196,0.8222222222222222,0.5826771653543308,0.5763997258598886,0.9199032610536563,0.3793028750468595,subspecies,strict
Metabuli,metabuli,prec0_ms0.15_ptaxnone,mock_comb2,84,51,44,40,7,0.5238095238095238,0.8627450980392157,0.6518518518518519,0.6668974110625465,0.7112456114437838,0.4746148912123564,subspecies,strict
Metabuli,metabuli,prec0_ms0.15_ptaxnone,mock_comb3,105,46,40,65,6,0.38095238095238093,0.8695652173913043,0.5298013245033113,0.6364780328934676,0.7491331020840235,0.4872497597772712,subspecies,strict
Metabuli,metabuli,prec0_ms0.15_ptaxnone,mock_comb_fam1,69,43,39,30,4,0.5652173913043478,0.9069767441860465,0.6964285714285715,0.5854771936384201,0.7981687459311319,0.4329827467039142,subspecies,strict
Metabuli,metabuli,prec0_ms0.15_ptaxnone,mock_comb_fam2,78,39,36,42,3,0.46153846153846156,0.9230769230769231,0.6153846153846155,0.6366156968016625,0.6517505556071361,0.5477054957119165,subspecies,strict
Metabuli,metabuli,prec0_ms0.15_ptaxnone,mock_comb_fam3,76,39,35,41,4,0.4605263157894737,0.8974358974358975,0.608695652173913,0.6048697027008387,0.5300653069039153,0.5390817750436826,subspecies,strict
Metabuli,metabuli,prec0_ms0_ptax10239,mock_comb1,487,45,42,445,3,0.08624229979466119,0.9333333333333333,0.15789473684210525,0.8913762088307687,0.2967340314087335,0.12972370951549592,subspecies,strict
Metabuli,metabuli,prec0_ms0_ptax10239,mock_comb2,550,51,49,501,2,0.0890909090909091,0.9607843137254902,0.1630615640599002,0.9267597542539177,0.12638185944400462,0.16012579865566257,subspecies,strict
Metabuli,metabuli,prec0_ms0_ptax10239,mock_comb3,490,46,43,447,3,0.08775510204081632,0.9347826086956522,0.16044776119402984,0.8787556004324076,0.2574879944622835,0.18758142158358052,subspecies,strict
Metabuli,metabuli,prec0_ms0_ptax10239,mock_comb_fam1,493,43,42,451,1,0.08519269776876268,0.9767441860465116,0.15671641791044777,0.9050875751600991,0.09688401129683605,0.18186277020996847,subspecies,strict
Metabuli,metabuli,prec0_ms0_ptax10239,mock_comb_fam2,494,39,39,455,0,0.07894736842105263,1,0.14634146341463414,0.9042255792276102,0.06369697134964407,0.21961017678541622,subspecies,strict
Metabuli,metabuli,prec0_ms0_ptax10239,mock_comb_fam3,529,39,37,492,2,0.06994328922495274,0.9487179487179487,0.13028169014084506,0.9021973564636673,0.08171347504942897,0.22661123492205365,subspecies,strict
Metabuli,metabuli,prec0_ms0_ptaxnone,mock_comb1,487,45,42,445,3,0.08624229979466119,0.9333333333333333,0.15789473684210525,0.8913762088307687,0.2967340314087335,0.12972370951549592,subspecies,strict
Metabuli,metabuli,prec0_ms0_ptaxnone,mock_comb2,550,51,49,501,2,0.0890909090909091,0.9607843137254902,0.1630615640599002,0.9267597542539177,0.12638185944400462,0.16012579865566257,subspecies,strict
Metabuli,metabuli,prec0_ms0_ptaxnone,mock_comb3,490,46,43,447,3,0.08775510204081632,0.9347826086956522,0.16044776119402984,0.8787556004324076,0.2574879944622835,0.18758142158358052,subspecies,strict
Metabuli,metabuli,prec0_ms0_ptaxnone,mock_comb_fam1,493,43,42,451,1,0.08519269776876268,0.9767441860465116,0.15671641791044777,0.9050875751600991,0.09688401129683605,0.18186277020996847,subspecies,strict
Metabuli,metabuli,prec0_ms0_ptaxnone,mock_comb_fam2,494,39,39,455,0,0.07894736842105263,1,0.14634146341463414,0.9042255792276102,0.06369697134964407,0.21961017678541622,subspecies,strict
Metabuli,metabuli,prec0_ms0_ptaxnone,mock_comb_fam3,529,39,37,492,2,0.06994328922495274,0.9487179487179487,0.13028169014084506,0.9021973564636673,0.08171347504942897,0.22661123492205365,subspecies,strict
Metabuli,metabuli,prec1_ms0.15_ptax10239,mock_comb1,35,45,25,10,20,0.7142857142857143,0.5555555555555556,0.6250000000000001,0.6936804260985354,0.6205352463400815,0.2500667258415916,subspecies,strict
Metabuli,metabuli,prec1_ms0.15_ptax10239,mock_comb2,32,51,29,3,22,0.90625,0.5686274509803921,0.6987951807228915,0.7576094167061908,0.5998257712549775,0.06846308500068522,subspecies,strict
Metabuli,metabuli,prec1_ms0.15_ptax10239,mock_comb3,42,46,30,12,16,0.7142857142857143,0.6521739130434783,0.6818181818181819,0.7239013875709939,0.6085419168885077,0.2121310727288738,subspecies,strict
Metabuli,metabuli,prec1_ms0.15_ptax10239,mock_comb_fam1,37,43,30,7,13,0.8108108108108109,0.6976744186046512,0.75,0.6433648116114471,0.7541364871631054,0.2655988284975829,subspecies,strict
Metabuli,metabuli,prec1_ms0.15_ptax10239,mock_comb_fam2,30,39,24,6,15,0.8,0.6153846153846154,0.6956521739130435,0.6883616293489642,0.5730046878987283,0.23930810401833602,subspecies,strict
Metabuli,metabuli,prec1_ms0.15_ptax10239,mock_comb_fam3,32,39,27,5,12,0.84375,0.6923076923076923,0.7605633802816902,0.6722504115937855,0.3225814426365051,0.13390739746727817,subspecies,strict
Metabuli,metabuli,prec1_ms0.15_ptaxnone,mock_comb1,35,45,25,10,20,0.7142857142857143,0.5555555555555556,0.6250000000000001,0.6936804260985354,0.6205352463400815,0.2500667258415916,subspecies,strict
Metabuli,metabuli,prec1_ms0.15_ptaxnone,mock_comb2,32,51,29,3,22,0.90625,0.5686274509803921,0.6987951807228915,0.7576094167061908,0.5998257712549775,0.06846308500068522,subspecies,strict
Metabuli,metabuli,prec1_ms0.15_ptaxnone,mock_comb3,42,46,30,12,16,0.7142857142857143,0.6521739130434783,0.6818181818181819,0.7239013875709939,0.6085419168885077,0.2121310727288738,subspecies,strict
Metabuli,metabuli,prec1_ms0.15_ptaxnone,mock_comb_fam1,37,43,30,7,13,0.8108108108108109,0.6976744186046512,0.75,0.6433648116114471,0.7541364871631054,0.2655988284975829,subspecies,strict
Metabuli,metabuli,prec1_ms0.15_ptaxnone,mock_comb_fam2,30,39,24,6,15,0.8,0.6153846153846154,0.6956521739130435,0.6883616293489642,0.5730046878987283,0.23930810401833602,subspecies,strict
Metabuli,metabuli,prec1_ms0.15_ptaxnone,mock_comb_fam3,32,39,27,5,12,0.84375,0.6923076923076923,0.7605633802816902,0.6722504115937855,0.3225814426365051,0.13390739746727817,subspecies,strict
Metabuli,metabuli,prec1_ms0_ptax10239,mock_comb1,35,45,25,10,20,0.7142857142857143,0.5555555555555556,0.6250000000000001,0.6936804260985354,0.6205352463400815,0.2500667258415916,subspecies,strict
Metabuli,metabuli,prec1_ms0_ptax10239,mock_comb2,32,51,29,3,22,0.90625,0.5686274509803921,0.6987951807228915,0.7576094167061908,0.5998257712549775,0.06846308500068522,subspecies,strict
Metabuli,metabuli,prec1_ms0_ptax10239,mock_comb3,42,46,30,12,16,0.7142857142857143,0.6521739130434783,0.6818181818181819,0.7239013875709939,0.6085419168885077,0.2121310727288738,subspecies,strict
Metabuli,metabuli,prec1_ms0_ptax10239,mock_comb_fam1,37,43,30,7,13,0.8108108108108109,0.6976744186046512,0.75,0.6433648116114471,0.7541364871631054,0.2655988284975829,subspecies,strict
Metabuli,metabuli,prec1_ms0_ptax10239,mock_comb_fam2,30,39,24,6,15,0.8,0.6153846153846154,0.6956521739130435,0.6883616293489642,0.5730046878987283,0.23930810401833602,subspecies,strict
Metabuli,metabuli,prec1_ms0_ptax10239,mock_comb_fam3,32,39,27,5,12,0.84375,0.6923076923076923,0.7605633802816902,0.6722504115937855,0.3225814426365051,0.13390739746727817,subspecies,strict
Metabuli,metabuli,prec1_ms0_ptaxnone,mock_comb1,35,45,25,10,20,0.7142857142857143,0.5555555555555556,0.6250000000000001,0.6936804260985354,0.6205352463400815,0.2500667258415916,subspecies,strict
Metabuli,metabuli,prec1_ms0_ptaxnone,mock_comb2,32,51,29,3,22,0.90625,0.5686274509803921,0.6987951807228915,0.7576094167061908,0.5998257712549775,0.06846308500068522,subspecies,strict
Metabuli,metabuli,prec1_ms0_ptaxnone,mock_comb3,42,46,30,12,16,0.7142857142857143,0.6521739130434783,0.6818181818181819,0.7239013875709939,0.6085419168885077,0.2121310727288738,subspecies,strict
Metabuli,metabuli,prec1_ms0_ptaxnone,mock_comb_fam1,37,43,30,7,13,0.8108108108108109,0.6976744186046512,0.75,0.6433648116114471,0.7541364871631054,0.2655988284975829,subspecies,strict
Metabuli,metabuli,prec1_ms0_ptaxnone,mock_comb_fam2,30,39,24,6,15,0.8,0.6153846153846154,0.6956521739130435,0.6883616293489642,0.5730046878987283,0.23930810401833602,subspecies,strict
Metabuli,metabuli,prec1_ms0_ptaxnone,mock_comb_fam3,32,39,27,5,12,0.84375,0.6923076923076923,0.7605633802816902,0.6722504115937855,0.3225814426365051,0.13390739746727817,subspecies,strict
Sylph,sylph,mnk10,mock_comb1,17,45,17,0,28,1,0.37777777777777777,0.5483870967741935,0.5819917265453324,0.4644958292657501,0.31700740991090304,subspecies,strict
Sylph,sylph,mnk10,mock_comb2,15,51,15,0,36,1,0.29411764705882354,0.45454545454545453,0.6045129568231763,0.612851791641325,0.18990757762481877,subspecies,strict
Sylph,sylph,mnk10,mock_comb3,16,46,15,1,31,0.9375,0.32608695652173914,0.48387096774193544,0.617154385775423,0.5876979592507049,0.1804559932845641,subspecies,strict
Sylph,sylph,mnk10,mock_comb_fam1,19,43,18,1,25,0.9473684210526315,0.4186046511627907,0.5806451612903226,0.5753041549995097,0.6836091731703029,0.16904787167224472,subspecies,strict
Sylph,sylph,mnk10,mock_comb_fam2,15,39,15,0,24,1,0.38461538461538464,0.5555555555555556,0.5249780977224487,0.7931412293633978,0.4520023432342565,subspecies,strict
Sylph,sylph,mnk10,mock_comb_fam3,18,39,17,1,22,0.9444444444444444,0.4358974358974359,0.5964912280701755,0.679096833729992,0.235446196178861,0.030175162768170928,subspecies,strict
Sylph,sylph,mnk20,mock_comb1,12,45,11,1,34,0.9166666666666666,0.24444444444444444,0.3859649122807018,0.6037380398423821,0.48154196922196185,0.4279149259765322,subspecies,strict
Sylph,sylph,mnk20,mock_comb2,13,51,12,1,39,0.9230769230769231,0.23529411764705882,0.375,0.687833210059314,0.575981407247397,0.07333619676559644,subspecies,strict
Sylph,sylph,mnk20,mock_comb3,12,46,12,0,34,1,0.2608695652173913,0.41379310344827586,0.6656536839493917,0.6064816770660878,0.24697801612553677,subspecies,strict
Sylph,sylph,mnk20,mock_comb_fam1,15,43,14,1,29,0.9333333333333333,0.32558139534883723,0.4827586206896553,0.6074247430658654,0.6869451199163629,0.23330548995878564,subspecies,strict
Sylph,sylph,mnk20,mock_comb_fam2,13,39,13,0,26,1,0.3333333333333333,0.5,0.5469210181862317,0.8101407603134566,0.5131984583617089,subspecies,strict
Sylph,sylph,mnk20,mock_comb_fam3,13,39,13,0,26,1,0.3333333333333333,0.5,0.8208104602913466,-0.046326891812486524,-0.049502914965103964,subspecies,strict
Sylph,sylph,mnk50,mock_comb1,7,45,7,0,38,1,0.15555555555555556,0.2692307692307693,0.6731433480758208,0.5749149558520289,0.32466248163767414,subspecies,strict
Sylph,sylph,mnk50,mock_comb2,4,51,4,0,47,1,0.0784313725490196,0.14545454545454545,0.8219374792886336,0.6598682169080349,0.17901972408606873,subspecies,strict
Sylph,sylph,mnk50,mock_comb3,7,46,7,0,39,1,0.15217391304347827,0.2641509433962264,0.8149642887970728,0.3937447690862979,0.1749998635218776,subspecies,strict
Sylph,sylph,mnk50,mock_comb_fam1,5,43,5,0,38,1,0.11627906976744186,0.20833333333333334,0.8903134829902617,0.0397069883801842,0.03955207132665625,subspecies,strict
Sylph,sylph,mnk50,mock_comb_fam2,7,39,7,0,32,1,0.1794871794871795,0.30434782608695654,0.7168012000267725,0.6015248907716755,0.39105735760531873,subspecies,strict
Sylph,sylph,mnk50,mock_comb_fam3,10,39,10,0,29,1,0.2564102564102564,0.4081632653061224,0.8497685199835965,-0.01551143489849227,0.0376165404184092,subspecies,strict
EsViritu,esviritu,sense,mock_comb1,20,16,16,4,0,0.8,1,0.888888888888889,0.2491757088903543,0.8462179164613227,0.6528348368612387,subspecies,capped
EsViritu,esviritu,sense,mock_comb2,20,15,15,5,0,0.75,1,0.8571428571428571,0.3209419539512358,0.8885780029165199,0.6770475098947271,subspecies,capped
EsViritu,esviritu,sense,mock_comb3,22,17,17,5,0,0.7727272727272727,1,0.8717948717948718,0.3533882541618915,0.6672349542636754,0.5170538006516939,subspecies,capped
EsViritu,esviritu,sense,mock_comb_fam1,22,18,18,4,0,0.8181818181818182,1,0.9,0.2154695376365026,0.9287568853826744,0.6713907959783924,subspecies,capped
EsViritu,esviritu,sense,mock_comb_fam2,19,15,15,4,0,0.7894736842105263,1,0.8823529411764706,0.1763528421627277,0.957611651495738,0.8502285143573463,subspecies,capped
EsViritu,esviritu,sense,mock_comb_fam3,22,19,19,3,0,0.8636363636363636,1,0.9268292682926829,0.23275574573078547,0.926915731956189,0.6907197278153991,subspecies,capped
EsViritu,esviritu,sr,mock_comb1,23,16,16,7,0,0.6956521739130435,1,0.8205128205128205,0.4217357511142297,0.6895360909516416,0.4248915078819854,subspecies,capped
EsViritu,esviritu,sr,mock_comb2,20,15,15,5,0,0.75,1,0.8571428571428571,0.4404592581229873,0.9004445802065443,0.6773023743908216,subspecies,capped
EsViritu,esviritu,sr,mock_comb3,23,17,17,6,0,0.7391304347826086,1,0.85,0.4475193215753887,0.7008441074831654,0.555020050828331,subspecies,capped
EsViritu,esviritu,sr,mock_comb_fam1,22,18,18,4,0,0.8181818181818182,1,0.9,0.3139841983861588,0.9372985629426788,0.7308811196726802,subspecies,capped
EsViritu,esviritu,sr,mock_comb_fam2,21,15,15,6,0,0.7142857142857143,1,0.8333333333333333,0.25943563604022335,0.9590809579727015,0.8118114825823107,subspecies,capped
EsViritu,esviritu,sr,mock_comb_fam3,23,19,19,4,0,0.8260869565217391,1,0.9047619047619047,0.3587254568380601,0.934996346679052,0.7494462688387427,subspecies,capped
Centrifuger,centrifuger,mhl100_ms0,mock_comb1,25,16,16,9,0,0.64,1,0.7804878048780487,0.4503418913327892,0.7106206014495097,0.8235646091016952,subspecies,capped
Centrifuger,centrifuger,mhl100_ms0,mock_comb2,23,15,15,8,0,0.6521739130434783,1,0.7894736842105263,0.5220348128599014,0.2622579774065891,0.6657114621026674,subspecies,capped
Centrifuger,centrifuger,mhl100_ms0,mock_comb3,25,17,17,8,0,0.68,1,0.8095238095238095,0.4690236570382957,0.9435115454701621,0.6695229201356795,subspecies,capped
Centrifuger,centrifuger,mhl100_ms0,mock_comb_fam1,24,18,18,6,0,0.75,1,0.8571428571428571,0.520489084099902,0.952291422774848,0.8391655552569325,subspecies,capped
Centrifuger,centrifuger,mhl100_ms0,mock_comb_fam2,19,15,15,4,0,0.7894736842105263,1,0.8823529411764706,0.5954025600179099,0.5292251041915831,0.6142013518550392,subspecies,capped
Centrifuger,centrifuger,mhl100_ms0,mock_comb_fam3,23,19,19,4,0,0.8260869565217391,1,0.9047619047619047,0.3567759942643094,0.9003667188199321,0.7203488138702139,subspecies,capped
Centrifuger,centrifuger,mhl100_ms100,mock_comb1,25,16,16,9,0,0.64,1,0.7804878048780487,0.4503418913327892,0.7106206014495097,0.8235646091016952,subspecies,capped
Centrifuger,centrifuger,mhl100_ms100,mock_comb2,23,15,15,8,0,0.6521739130434783,1,0.7894736842105263,0.5220348128599014,0.2622579774065891,0.6657114621026674,subspecies,capped
Centrifuger,centrifuger,mhl100_ms100,mock_comb3,25,17,17,8,0,0.68,1,0.8095238095238095,0.4690236570382957,0.9435115454701621,0.6695229201356795,subspecies,capped
Centrifuger,centrifuger,mhl100_ms100,mock_comb_fam1,24,18,18,6,0,0.75,1,0.8571428571428571,0.520489084099902,0.952291422774848,0.8391655552569325,subspecies,capped
Centrifuger,centrifuger,mhl100_ms100,mock_comb_fam2,19,15,15,4,0,0.7894736842105263,1,0.8823529411764706,0.5954025600179099,0.5292251041915831,0.6142013518550392,subspecies,capped
Centrifuger,centrifuger,mhl100_ms100,mock_comb_fam3,23,19,19,4,0,0.8260869565217391,1,0.9047619047619047,0.3567759942643094,0.9003667188199321,0.7203488138702139,subspecies,capped
Centrifuger,centrifuger,mhl100_ms500,mock_comb1,25,16,16,9,0,0.64,1,0.7804878048780487,0.4503418913327892,0.7106206014495097,0.8235646091016952,subspecies,capped
Centrifuger,centrifuger,mhl100_ms500,mock_comb2,23,15,15,8,0,0.6521739130434783,1,0.7894736842105263,0.5220348128599014,0.2622579774065891,0.6657114621026674,subspecies,capped
Centrifuger,centrifuger,mhl100_ms500,mock_comb3,25,17,17,8,0,0.68,1,0.8095238095238095,0.4690236570382957,0.9435115454701621,0.6695229201356795,subspecies,capped
Centrifuger,centrifuger,mhl100_ms500,mock_comb_fam1,24,18,18,6,0,0.75,1,0.8571428571428571,0.520489084099902,0.952291422774848,0.8391655552569325,subspecies,capped
Centrifuger,centrifuger,mhl100_ms500,mock_comb_fam2,19,15,15,4,0,0.7894736842105263,1,0.8823529411764706,0.5954025600179099,0.5292251041915831,0.6142013518550392,subspecies,capped
Centrifuger,centrifuger,mhl100_ms500,mock_comb_fam3,23,19,19,4,0,0.8260869565217391,1,0.9047619047619047,0.3567759942643094,0.9003667188199321,0.7203488138702139,subspecies,capped
Centrifuger,centrifuger,mhl50_ms0,mock_comb1,39,16,16,23,0,0.41025641025641024,1,0.5818181818181819,0.7724358552558681,0.7190600511968513,0.5682624410542542,subspecies,capped
Centrifuger,centrifuger,mhl50_ms0,mock_comb2,41,15,15,26,0,0.36585365853658536,1,0.5357142857142857,0.7851115497102542,0.4582953024401133,0.6006197413012339,subspecies,capped
Centrifuger,centrifuger,mhl50_ms0,mock_comb3,42,17,17,25,0,0.40476190476190477,1,0.576271186440678,0.809383963738978,0.7976902119910056,0.5531652824852459,subspecies,capped
Centrifuger,centrifuger,mhl50_ms0,mock_comb_fam1,38,18,18,20,0,0.47368421052631576,1,0.6428571428571429,0.8034496838767876,0.9581914647329601,0.7535375834376431,subspecies,capped
Centrifuger,centrifuger,mhl50_ms0,mock_comb_fam2,37,15,15,22,0,0.40540540540540543,1,0.5769230769230769,0.8722526727559959,0.71390202929618,0.7494969071045098,subspecies,capped
Centrifuger,centrifuger,mhl50_ms0,mock_comb_fam3,40,19,19,21,0,0.475,1,0.6440677966101694,0.7590570072178393,0.9627958531520311,0.8056810498981296,subspecies,capped
Centrifuger,centrifuger,mhl50_ms100,mock_comb1,39,16,16,23,0,0.41025641025641024,1,0.5818181818181819,0.7724358552558681,0.7190600511968513,0.5682624410542542,subspecies,capped
Centrifuger,centrifuger,mhl50_ms100,mock_comb2,41,15,15,26,0,0.36585365853658536,1,0.5357142857142857,0.7851115497102542,0.4582953024401133,0.6006197413012339,subspecies,capped
Centrifuger,centrifuger,mhl50_ms100,mock_comb3,42,17,17,25,0,0.40476190476190477,1,0.576271186440678,0.809383963738978,0.7976902119910056,0.5531652824852459,subspecies,capped
Centrifuger,centrifuger,mhl50_ms100,mock_comb_fam1,38,18,18,20,0,0.47368421052631576,1,0.6428571428571429,0.8034496838767876,0.9581914647329601,0.7535375834376431,subspecies,capped
Centrifuger,centrifuger,mhl50_ms100,mock_comb_fam2,37,15,15,22,0,0.40540540540540543,1,0.5769230769230769,0.8722526727559959,0.71390202929618,0.7494969071045098,subspecies,capped
Centrifuger,centrifuger,mhl50_ms100,mock_comb_fam3,40,19,19,21,0,0.475,1,0.6440677966101694,0.7590570072178393,0.9627958531520311,0.8056810498981296,subspecies,capped
Centrifuger,centrifuger,mhl50_ms500,mock_comb1,39,16,16,23,0,0.41025641025641024,1,0.5818181818181819,0.7724358552558681,0.7190600511968513,0.5682624410542542,subspecies,capped
Centrifuger,centrifuger,mhl50_ms500,mock_comb2,41,15,15,26,0,0.36585365853658536,1,0.5357142857142857,0.7851115497102542,0.4582953024401133,0.6006197413012339,subspecies,capped
Centrifuger,centrifuger,mhl50_ms500,mock_comb3,42,17,17,25,0,0.40476190476190477,1,0.576271186440678,0.809383963738978,0.7976902119910056,0.5531652824852459,subspecies,capped
Centrifuger,centrifuger,mhl50_ms500,mock_comb_fam1,38,18,18,20,0,0.47368421052631576,1,0.6428571428571429,0.8034496838767876,0.9581914647329601,0.7535375834376431,subspecies,capped
Centrifuger,centrifuger,mhl50_ms500,mock_comb_fam2,37,15,15,22,0,0.40540540540540543,1,0.5769230769230769,0.8722526727559959,0.71390202929618,0.7494969071045098,subspecies,capped
Centrifuger,centrifuger,mhl50_ms500,mock_comb_fam3,40,19,19,21,0,0.475,1,0.6440677966101694,0.7590570072178393,0.9627958531520311,0.8056810498981296,subspecies,capped
Centrifuger,centrifuger,mhlauto_ms0,mock_comb1,696,16,16,680,0,0.022988505747126436,1,0.0449438202247191,0.9549179335481105,0.17719896213215597,0.18561588178482213,subspecies,capped
Centrifuger,centrifuger,mhlauto_ms0,mock_comb2,768,15,15,753,0,0.01953125,1,0.038314176245210725,0.9628669988504541,0.23947469914189023,0.1698582269977173,subspecies,capped
Centrifuger,centrifuger,mhlauto_ms0,mock_comb3,691,17,17,674,0,0.024602026049204053,1,0.04802259887005649,0.965802725266531,0.13642550979560328,0.1920615175835366,subspecies,capped
Centrifuger,centrifuger,mhlauto_ms0,mock_comb_fam1,648,18,18,630,0,0.027777777777777776,1,0.05405405405405406,0.9632344712308699,0.17926107565964414,0.22714128544681797,subspecies,capped
Centrifuger,centrifuger,mhlauto_ms0,mock_comb_fam2,694,15,15,679,0,0.021613832853025938,1,0.04231311706629055,0.9727754750563917,0.16601249211911726,0.20560250164152472,subspecies,capped
Centrifuger,centrifuger,mhlauto_ms0,mock_comb_fam3,676,19,19,657,0,0.028106508875739646,1,0.05467625899280575,0.9702936486786411,0.12799202280061928,0.20945652761920086,subspecies,capped
Centrifuger,centrifuger,mhlauto_ms100,mock_comb1,237,16,16,221,0,0.06751054852320675,1,0.12648221343873517,0.9194514563437305,0.24158949097397028,0.29752115431449433,subspecies,capped
Centrifuger,centrifuger,mhlauto_ms100,mock_comb2,269,15,15,254,0,0.055762081784386616,1,0.1056338028169014,0.9389797304136621,0.27015012966395524,0.2673251727939002,subspecies,capped
Centrifuger,centrifuger,mhlauto_ms100,mock_comb3,248,17,17,231,0,0.06854838709677419,1,0.1283018867924528,0.9436927436127026,0.1917632521159207,0.2902778327807975,subspecies,capped
Centrifuger,centrifuger,mhlauto_ms100,mock_comb_fam1,210,18,18,192,0,0.08571428571428572,1,0.15789473684210528,0.9425250260234727,0.26079614687539115,0.3660140010113797,subspecies,capped
Centrifuger,centrifuger,mhlauto_ms100,mock_comb_fam2,225,15,15,210,0,0.06666666666666667,1,0.125,0.9562359767859643,0.23382739116379653,0.33040869165634384,subspecies,capped
Centrifuger,centrifuger,mhlauto_ms100,mock_comb_fam3,227,19,19,208,0,0.08370044052863436,1,0.15447154471544716,0.9508400015676614,0.1786315715306936,0.3333459539733933,subspecies,capped
Centrifuger,centrifuger,mhlauto_ms500,mock_comb1,66,16,16,50,0,0.24242424242424243,1,0.3902439024390244,0.8576034280528593,0.4288558040524758,0.3956005490708285,subspecies,capped
Centrifuger,centrifuger,mhlauto_ms500,mock_comb2,74,15,15,59,0,0.20270270270270271,1,0.3370786516853933,0.8663043381797656,0.47396440478184826,0.41347490204977433,subspecies,capped
Centrifuger,centrifuger,mhlauto_ms500,mock_comb3,71,17,17,54,0,0.23943661971830985,1,0.38636363636363635,0.8829340524091703,0.5711473413793657,0.3467160009185792,subspecies,capped
Centrifuger,centrifuger,mhlauto_ms500,mock_comb_fam1,63,18,18,45,0,0.2857142857142857,1,0.4444444444444445,0.8813608753021183,0.8861324322007007,0.5550567331945063,subspecies,capped
Centrifuger,centrifuger,mhlauto_ms500,mock_comb_fam2,60,15,15,45,0,0.25,1,0.4,0.9144131587095883,0.643738289141006,0.5426894863384814,subspecies,capped
Centrifuger,centrifuger,mhlauto_ms500,mock_comb_fam3,63,19,19,44,0,0.30158730158730157,1,0.46341463414634143,0.8733463779587471,0.7789994307021266,0.53580035928482606,subspecies,capped
Kraken2,kraken2,conf0.2_mhg2,mock_comb1,31,16,15,16,1,0.4838709677419355,0.9375,0.6382978723404255,0.4628532768144844,0.6817782578504634,0.6135992683525031,subspecies,capped
Kraken2,kraken2,conf0.2_mhg2,mock_comb2,33,15,15,18,0,0.45454545454545453,1,0.625,0.5184761172891689,0.81817792610105,0.6041485717164092,subspecies,capped
Kraken2,kraken2,conf0.2_mhg2,mock_comb3,36,17,17,19,0,0.4722222222222222,1,0.6415094339622641,0.4618044052399693,0.887511137180269,0.5579530373996493,subspecies,capped
Kraken2,kraken2,conf0.2_mhg2,mock_comb_fam1,33,18,18,15,0,0.5454545454545454,1,0.7058823529411764,0.3724100400078073,0.9454778402854497,0.7293705286503678,subspecies,capped
Kraken2,kraken2,conf0.2_mhg2,mock_comb_fam2,29,15,15,14,0,0.5172413793103449,1,0.6818181818181819,0.3056304415096126,0.6891187165902882,0.7179626910563153,subspecies,capped
Kraken2,kraken2,conf0.2_mhg2,mock_comb_fam3,33,19,19,14,0,0.5757575757575758,1,0.7307692307692308,0.4938505904261723,0.9646193492956283,0.8251329762073467,subspecies,capped
Kraken2,kraken2,conf0.2_mhg3,mock_comb1,31,16,15,16,1,0.4838709677419355,0.9375,0.6382978723404255,0.4628532768144844,0.6817782578504634,0.6135992683525031,subspecies,capped
Kraken2,kraken2,conf0.2_mhg3,mock_comb2,33,15,15,18,0,0.45454545454545453,1,0.625,0.5184761172891689,0.81817792610105,0.6041485717164092,subspecies,capped
Kraken2,kraken2,conf0.2_mhg3,mock_comb3,36,17,17,19,0,0.4722222222222222,1,0.6415094339622641,0.4618044052399693,0.887511137180269,0.5579530373996493,subspecies,capped
Kraken2,kraken2,conf0.2_mhg3,mock_comb_fam1,33,18,18,15,0,0.5454545454545454,1,0.7058823529411764,0.3724100400078073,0.9454778402854497,0.7293705286503678,subspecies,capped
Kraken2,kraken2,conf0.2_mhg3,mock_comb_fam2,29,15,15,14,0,0.5172413793103449,1,0.6818181818181819,0.3056304415096126,0.6891187165902882,0.7179626910563153,subspecies,capped
Kraken2,kraken2,conf0.2_mhg3,mock_comb_fam3,33,19,19,14,0,0.5757575757575758,1,0.7307692307692308,0.4938505904261723,0.9646193492956283,0.8251329762073467,subspecies,capped
Kraken2,kraken2,conf0.2_mhg5,mock_comb1,31,16,15,16,1,0.4838709677419355,0.9375,0.6382978723404255,0.4628532768144844,0.6817782578504634,0.6135992683525031,subspecies,capped
Kraken2,kraken2,conf0.2_mhg5,mock_comb2,33,15,15,18,0,0.45454545454545453,1,0.625,0.5184761172891689,0.81817792610105,0.6041485717164092,subspecies,capped
Kraken2,kraken2,conf0.2_mhg5,mock_comb3,36,17,17,19,0,0.4722222222222222,1,0.6415094339622641,0.4618044052399693,0.887511137180269,0.5579530373996493,subspecies,capped
Kraken2,kraken2,conf0.2_mhg5,mock_comb_fam1,33,18,18,15,0,0.5454545454545454,1,0.7058823529411764,0.3724100400078073,0.9454778402854497,0.7293705286503678,subspecies,capped
Kraken2,kraken2,conf0.2_mhg5,mock_comb_fam2,29,15,15,14,0,0.5172413793103449,1,0.6818181818181819,0.3056304415096126,0.6891187165902882,0.7179626910563153,subspecies,capped
Kraken2,kraken2,conf0.2_mhg5,mock_comb_fam3,33,19,19,14,0,0.5757575757575758,1,0.7307692307692308,0.4938505904261723,0.9646193492956283,0.8251329762073467,subspecies,capped
Kraken2,kraken2,conf0.5_mhg2,mock_comb1,21,16,15,6,1,0.7142857142857143,0.9375,0.8108108108108109,0.5023686428607828,0.641050743972553,0.855855407918109,subspecies,capped
Kraken2,kraken2,conf0.5_mhg2,mock_comb2,23,15,15,8,0,0.6521739130434783,1,0.7894736842105263,0.5655121482252844,0.23803117909547192,0.6730327564703826,subspecies,capped
Kraken2,kraken2,conf0.5_mhg2,mock_comb3,28,17,17,11,0,0.6071428571428571,1,0.7555555555555554,0.5365302777865402,0.9729911217420637,0.8025178842411911,subspecies,capped
Kraken2,kraken2,conf0.5_mhg2,mock_comb_fam1,24,18,18,6,0,0.75,1,0.8571428571428571,0.47985151139883675,0.9767680047578804,0.8750791041267666,subspecies,capped
Kraken2,kraken2,conf0.5_mhg2,mock_comb_fam2,19,15,14,5,1,0.7368421052631579,0.9333333333333333,0.8235294117647058,0.45004745568968246,0.6081239641990018,0.6307955791159353,subspecies,capped
Kraken2,kraken2,conf0.5_mhg2,mock_comb_fam3,22,19,18,4,1,0.8181818181818182,0.9473684210526315,0.8780487804878049,0.6068400610913969,0.9564987003857883,0.8323859377248346,subspecies,capped
Kraken2,kraken2,conf0.5_mhg3,mock_comb1,21,16,15,6,1,0.7142857142857143,0.9375,0.8108108108108109,0.5023686428607828,0.641050743972553,0.855855407918109,subspecies,capped
Kraken2,kraken2,conf0.5_mhg3,mock_comb2,23,15,15,8,0,0.6521739130434783,1,0.7894736842105263,0.5655121482252844,0.23803117909547192,0.6730327564703826,subspecies,capped
Kraken2,kraken2,conf0.5_mhg3,mock_comb3,28,17,17,11,0,0.6071428571428571,1,0.7555555555555554,0.5365302777865402,0.9729911217420637,0.8025178842411911,subspecies,capped
Kraken2,kraken2,conf0.5_mhg3,mock_comb_fam1,24,18,18,6,0,0.75,1,0.8571428571428571,0.47985151139883675,0.9767680047578804,0.8750791041267666,subspecies,capped
Kraken2,kraken2,conf0.5_mhg3,mock_comb_fam2,19,15,14,5,1,0.7368421052631579,0.9333333333333333,0.8235294117647058,0.45004745568968246,0.6081239641990018,0.6307955791159353,subspecies,capped
Kraken2,kraken2,conf0.5_mhg3,mock_comb_fam3,22,19,18,4,1,0.8181818181818182,0.9473684210526315,0.8780487804878049,0.6068400610913969,0.9564987003857883,0.8323859377248346,subspecies,capped
Kraken2,kraken2,conf0.5_mhg5,mock_comb1,21,16,15,6,1,0.7142857142857143,0.9375,0.8108108108108109,0.5023686428607828,0.641050743972553,0.855855407918109,subspecies,capped
Kraken2,kraken2,conf0.5_mhg5,mock_comb2,23,15,15,8,0,0.6521739130434783,1,0.7894736842105263,0.5655121482252844,0.23803117909547192,0.6730327564703826,subspecies,capped
Kraken2,kraken2,conf0.5_mhg5,mock_comb3,28,17,17,11,0,0.6071428571428571,1,0.7555555555555554,0.5365302777865402,0.9729911217420637,0.8025178842411911,subspecies,capped
Kraken2,kraken2,conf0.5_mhg5,mock_comb_fam1,24,18,18,6,0,0.75,1,0.8571428571428571,0.47985151139883675,0.9767680047578804,0.8750791041267666,subspecies,capped
Kraken2,kraken2,conf0.5_mhg5,mock_comb_fam2,19,15,14,5,1,0.7368421052631579,0.9333333333333333,0.8235294117647058,0.45004745568968246,0.6081239641990018,0.6307955791159353,subspecies,capped
Kraken2,kraken2,conf0.5_mhg5,mock_comb_fam3,22,19,18,4,1,0.8181818181818182,0.9473684210526315,0.8780487804878049,0.6068400610913969,0.9564987003857883,0.8323859377248346,subspecies,capped
Kraken2,kraken2,conf0_mhg2,mock_comb1,79,16,16,63,0,0.20253164556962025,1,0.3368421052631579,0.633626010097001,0.3128425694829147,0.4994654791106484,subspecies,capped
Kraken2,kraken2,conf0_mhg2,mock_comb2,86,15,15,71,0,0.1744186046511628,1,0.297029702970297,0.5417105419796885,0.749285493316247,0.4409668776850999,subspecies,capped
Kraken2,kraken2,conf0_mhg2,mock_comb3,97,17,17,80,0,0.17525773195876287,1,0.2982456140350877,0.6601633338697035,0.6015495169486351,0.4784613610651327,subspecies,capped
Kraken2,kraken2,conf0_mhg2,mock_comb_fam1,72,18,18,54,0,0.25,1,0.4,0.5925179947985536,0.8245368066338569,0.50052214805557,subspecies,capped
Kraken2,kraken2,conf0_mhg2,mock_comb_fam2,67,15,15,52,0,0.22388059701492538,1,0.36585365853658536,0.6699131116217849,0.566405919228429,0.53375763652021,subspecies,capped
Kraken2,kraken2,conf0_mhg2,mock_comb_fam3,69,19,19,50,0,0.2753623188405797,1,0.4318181818181819,0.6164751876271838,0.6487070593706895,0.5221002972073896,subspecies,capped
Kraken2,kraken2,conf0_mhg3,mock_comb1,56,16,16,40,0,0.2857142857142857,1,0.4444444444444445,0.5448691380363911,0.3026210203552085,0.5224972872511028,subspecies,capped
Kraken2,kraken2,conf0_mhg3,mock_comb2,67,15,15,52,0,0.22388059701492538,1,0.36585365853658536,0.4579946444348732,0.7952969604487197,0.5006108979913837,subspecies,capped
Kraken2,kraken2,conf0_mhg3,mock_comb3,78,17,17,61,0,0.21794871794871795,1,0.3578947368421052,0.5505581892535585,0.6794664732667614,0.5277465367735207,subspecies,capped
Kraken2,kraken2,conf0_mhg3,mock_comb_fam1,53,18,18,35,0,0.33962264150943394,1,0.5070422535211268,0.4954396541300066,0.8545559771214554,0.5303030857766863,subspecies,capped
Kraken2,kraken2,conf0_mhg3,mock_comb_fam2,51,15,15,36,0,0.29411764705882354,1,0.45454545454545453,0.5665934878220054,0.6903971946303732,0.6076979610458149,subspecies,capped
Kraken2,kraken2,conf0_mhg3,mock_comb_fam3,57,19,19,38,0,0.3333333333333333,1,0.5,0.5118042504486429,0.7228578976808516,0.5563216502687713,subspecies,capped
Kraken2,kraken2,conf0_mhg5,mock_comb1,50,16,16,34,0,0.32,1,0.48484848484848486,0.483937445459572,0.3433002121883904,0.564608969077779,subspecies,capped
Kraken2,kraken2,conf0_mhg5,mock_comb2,57,15,15,42,0,0.2631578947368421,1,0.4166666666666667,0.4040543731350558,0.8184362694893884,0.5606310753808544,subspecies,capped
Kraken2,kraken2,conf0_mhg5,mock_comb3,69,17,17,52,0,0.2463768115942029,1,0.39534883720930236,0.49302820263632513,0.7014592340293468,0.5554250792024753,subspecies,capped
Kraken2,kraken2,conf0_mhg5,mock_comb_fam1,48,18,18,30,0,0.375,1,0.5454545454545454,0.437328849720927,0.874644567266253,0.5481124793466802,subspecies,capped
Kraken2,kraken2,conf0_mhg5,mock_comb_fam2,45,15,15,30,0,0.3333333333333333,1,0.5,0.5151782347652056,0.7019356421548634,0.6377886770644635,subspecies,capped
Kraken2,kraken2,conf0_mhg5,mock_comb_fam3,53,19,19,34,0,0.3584905660377358,1,0.5277777777777778,0.41819786017026944,0.8018988647042228,0.5996816350750359,subspecies,capped
Metabuli,metabuli,prec0_ms0.15_ptax10239,mock_comb1,82,16,16,66,0,0.1951219512195122,1,0.326530612244898,0.5687099316324127,0.403069527121579,0.5197884837719371,subspecies,capped
Metabuli,metabuli,prec0_ms0.15_ptax10239,mock_comb2,84,15,15,69,0,0.17857142857142858,1,0.30303030303030304,0.48991969540383334,0.8036241218632114,0.47874085839387237,subspecies,capped
Metabuli,metabuli,prec0_ms0.15_ptax10239,mock_comb3,105,17,17,88,0,0.1619047619047619,1,0.2786885245901639,0.5978145785204895,0.6962932599213162,0.4988484012287973,subspecies,capped
Metabuli,metabuli,prec0_ms0.15_ptax10239,mock_comb_fam1,69,18,18,51,0,0.2608695652173913,1,0.41379310344827586,0.5137678420398724,0.8744288591724869,0.5449614666477721,subspecies,capped
Metabuli,metabuli,prec0_ms0.15_ptax10239,mock_comb_fam2,78,15,15,63,0,0.19230769230769232,1,0.32258064516129037,0.5819904126110709,0.7272345905132921,0.5816909250586737,subspecies,capped
Metabuli,metabuli,prec0_ms0.15_ptax10239,mock_comb_fam3,76,19,19,57,0,0.25,1,0.4,0.5148485397217023,0.7636120445974561,0.5649001896106189,subspecies,capped
Metabuli,metabuli,prec0_ms0.15_ptaxnone,mock_comb1,82,16,16,66,0,0.1951219512195122,1,0.326530612244898,0.5687099316324127,0.403069527121579,0.5197884837719371,subspecies,capped
Metabuli,metabuli,prec0_ms0.15_ptaxnone,mock_comb2,84,15,15,69,0,0.17857142857142858,1,0.30303030303030304,0.48991969540383334,0.8036241218632114,0.47874085839387237,subspecies,capped
Metabuli,metabuli,prec0_ms0.15_ptaxnone,mock_comb3,105,17,17,88,0,0.1619047619047619,1,0.2786885245901639,0.5978145785204895,0.6962932599213162,0.4988484012287973,subspecies,capped
Metabuli,metabuli,prec0_ms0.15_ptaxnone,mock_comb_fam1,69,18,18,51,0,0.2608695652173913,1,0.41379310344827586,0.5137678420398724,0.8744288591724869,0.5449614666477721,subspecies,capped
Metabuli,metabuli,prec0_ms0.15_ptaxnone,mock_comb_fam2,78,15,15,63,0,0.19230769230769232,1,0.32258064516129037,0.5819904126110709,0.7272345905132921,0.5816909250586737,subspecies,capped
Metabuli,metabuli,prec0_ms0.15_ptaxnone,mock_comb_fam3,76,19,19,57,0,0.25,1,0.4,0.5148485397217023,0.7636120445974561,0.5649001896106189,subspecies,capped
Metabuli,metabuli,prec0_ms0_ptax10239,mock_comb1,487,16,16,471,0,0.03285420944558522,1,0.0636182902584493,0.9419900869231228,0.060260118088360855,0.14215233669663654,subspecies,capped
Metabuli,metabuli,prec0_ms0_ptax10239,mock_comb2,550,15,15,535,0,0.02727272727272727,1,0.053097345132743355,0.9327785588225808,0.10355818424280948,0.12250340237254542,subspecies,capped
Metabuli,metabuli,prec0_ms0_ptax10239,mock_comb3,490,17,17,473,0,0.03469387755102041,1,0.0670611439842209,0.9026813539947224,0.2017686525015239,0.17619009394706153,subspecies,capped
Metabuli,metabuli,prec0_ms0_ptax10239,mock_comb_fam1,493,18,18,475,0,0.036511156186612576,1,0.07045009784735813,0.934392264561625,0.09247015742050105,0.16183636107726482,subspecies,capped
Metabuli,metabuli,prec0_ms0_ptax10239,mock_comb_fam2,494,15,15,479,0,0.030364372469635626,1,0.058939096267190565,0.9454404530741416,0.048166652539004366,0.17211051527974955,subspecies,capped
Metabuli,metabuli,prec0_ms0_ptax10239,mock_comb_fam3,529,19,19,510,0,0.035916824196597356,1,0.06934306569343067,0.9272243039848739,0.09065774022938515,0.19190989196482944,subspecies,capped
Metabuli,metabuli,prec0_ms0_ptaxnone,mock_comb1,487,16,16,471,0,0.03285420944558522,1,0.0636182902584493,0.9419900869231228,0.060260118088360855,0.14215233669663654,subspecies,capped
Metabuli,metabuli,prec0_ms0_ptaxnone,mock_comb2,550,15,15,535,0,0.02727272727272727,1,0.053097345132743355,0.9327785588225808,0.10355818424280948,0.12250340237254542,subspecies,capped
Metabuli,metabuli,prec0_ms0_ptaxnone,mock_comb3,490,17,17,473,0,0.03469387755102041,1,0.0670611439842209,0.9026813539947224,0.2017686525015239,0.17619009394706153,subspecies,capped
Metabuli,metabuli,prec0_ms0_ptaxnone,mock_comb_fam1,493,18,18,475,0,0.036511156186612576,1,0.07045009784735813,0.934392264561625,0.09247015742050105,0.16183636107726482,subspecies,capped
Metabuli,metabuli,prec0_ms0_ptaxnone,mock_comb_fam2,494,15,15,479,0,0.030364372469635626,1,0.058939096267190565,0.9454404530741416,0.048166652539004366,0.17211051527974955,subspecies,capped
Metabuli,metabuli,prec0_ms0_ptaxnone,mock_comb_fam3,529,19,19,510,0,0.035916824196597356,1,0.06934306569343067,0.9272243039848739,0.09065774022938515,0.19190989196482944,subspecies,capped
Metabuli,metabuli,prec1_ms0.15_ptax10239,mock_comb1,35,16,16,19,0,0.45714285714285713,1,0.6274509803921569,0.43363060476156184,0.8329981029628383,0.6951756729931994,subspecies,capped
Metabuli,metabuli,prec1_ms0.15_ptax10239,mock_comb2,32,15,15,17,0,0.46875,1,0.6382978723404256,0.38813824281043946,0.9446912854888082,0.7633670911205819,subspecies,capped
Metabuli,metabuli,prec1_ms0.15_ptax10239,mock_comb3,42,17,17,25,0,0.40476190476190477,1,0.576271186440678,0.47917420205969385,0.8707228838964204,0.7595642019253978,subspecies,capped
Metabuli,metabuli,prec1_ms0.15_ptax10239,mock_comb_fam1,37,18,18,19,0,0.4864864864864865,1,0.6545454545454547,0.43926379578116204,0.963552372276214,0.7966557595660322,subspecies,capped
Metabuli,metabuli,prec1_ms0.15_ptax10239,mock_comb_fam2,30,15,15,15,0,0.5,1,0.6666666666666666,0.5287654246850144,0.7312298136060054,0.8051930076988282,subspecies,capped
Metabuli,metabuli,prec1_ms0.15_ptax10239,mock_comb_fam3,32,19,19,13,0,0.59375,1,0.7450980392156863,0.3978866271361548,0.9750962768077692,0.9043159912316906,subspecies,capped
Metabuli,metabuli,prec1_ms0.15_ptaxnone,mock_comb1,35,16,16,19,0,0.45714285714285713,1,0.6274509803921569,0.43363060476156184,0.8329981029628383,0.6951756729931994,subspecies,capped
Metabuli,metabuli,prec1_ms0.15_ptaxnone,mock_comb2,32,15,15,17,0,0.46875,1,0.6382978723404256,0.38813824281043946,0.9446912854888082,0.7633670911205819,subspecies,capped
Metabuli,metabuli,prec1_ms0.15_ptaxnone,mock_comb3,42,17,17,25,0,0.40476190476190477,1,0.576271186440678,0.47917420205969385,0.8707228838964204,0.7595642019253978,subspecies,capped
Metabuli,metabuli,prec1_ms0.15_ptaxnone,mock_comb_fam1,37,18,18,19,0,0.4864864864864865,1,0.6545454545454547,0.43926379578116204,0.963552372276214,0.7966557595660322,subspecies,capped
Metabuli,metabuli,prec1_ms0.15_ptaxnone,mock_comb_fam2,30,15,15,15,0,0.5,1,0.6666666666666666,0.5287654246850144,0.7312298136060054,0.8051930076988282,subspecies,capped
Metabuli,metabuli,prec1_ms0.15_ptaxnone,mock_comb_fam3,32,19,19,13,0,0.59375,1,0.7450980392156863,0.3978866271361548,0.9750962768077692,0.9043159912316906,subspecies,capped
Metabuli,metabuli,prec1_ms0_ptax10239,mock_comb1,35,16,16,19,0,0.45714285714285713,1,0.6274509803921569,0.43363060476156184,0.8329981029628383,0.6951756729931994,subspecies,capped
Metabuli,metabuli,prec1_ms0_ptax10239,mock_comb2,32,15,15,17,0,0.46875,1,0.6382978723404256,0.38813824281043946,0.9446912854888082,0.7633670911205819,subspecies,capped
Metabuli,metabuli,prec1_ms0_ptax10239,mock_comb3,42,17,17,25,0,0.40476190476190477,1,0.576271186440678,0.47917420205969385,0.8707228838964204,0.7595642019253978,subspecies,capped
Metabuli,metabuli,prec1_ms0_ptax10239,mock_comb_fam1,37,18,18,19,0,0.4864864864864865,1,0.6545454545454547,0.43926379578116204,0.963552372276214,0.7966557595660322,subspecies,capped
Metabuli,metabuli,prec1_ms0_ptax10239,mock_comb_fam2,30,15,15,15,0,0.5,1,0.6666666666666666,0.5287654246850144,0.7312298136060054,0.8051930076988282,subspecies,capped
Metabuli,metabuli,prec1_ms0_ptax10239,mock_comb_fam3,32,19,19,13,0,0.59375,1,0.7450980392156863,0.3978866271361548,0.9750962768077692,0.9043159912316906,subspecies,capped
Metabuli,metabuli,prec1_ms0_ptaxnone,mock_comb1,35,16,16,19,0,0.45714285714285713,1,0.6274509803921569,0.43363060476156184,0.8329981029628383,0.6951756729931994,subspecies,capped
Metabuli,metabuli,prec1_ms0_ptaxnone,mock_comb2,32,15,15,17,0,0.46875,1,0.6382978723404256,0.38813824281043946,0.9446912854888082,0.7633670911205819,subspecies,capped
Metabuli,metabuli,prec1_ms0_ptaxnone,mock_comb3,42,17,17,25,0,0.40476190476190477,1,0.576271186440678,0.47917420205969385,0.8707228838964204,0.7595642019253978,subspecies,capped
Metabuli,metabuli,prec1_ms0_ptaxnone,mock_comb_fam1,37,18,18,19,0,0.4864864864864865,1,0.6545454545454547,0.43926379578116204,0.963552372276214,0.7966557595660322,subspecies,capped
Metabuli,metabuli,prec1_ms0_ptaxnone,mock_comb_fam2,30,15,15,15,0,0.5,1,0.6666666666666666,0.5287654246850144,0.7312298136060054,0.8051930076988282,subspecies,capped
Metabuli,metabuli,prec1_ms0_ptaxnone,mock_comb_fam3,32,19,19,13,0,0.59375,1,0.7450980392156863,0.3978866271361548,0.9750962768077692,0.9043159912316906,subspecies,capped
Sylph,sylph,mnk10,mock_comb1,17,16,14,3,2,0.8235294117647058,0.875,0.8484848484848485,0.6013184825819308,0.7308471284288284,0.28835189906226005,subspecies,capped
Sylph,sylph,mnk10,mock_comb2,15,15,14,1,1,0.9333333333333333,0.9333333333333333,0.9333333333333333,0.5906640266343162,0.8478611524083548,0.6372334322659442,subspecies,capped
Sylph,sylph,mnk10,mock_comb3,16,17,14,2,3,0.875,0.8235294117647058,0.8484848484848485,0.562187152900866,0.622714327150053,0.5954267914170694,subspecies,capped
Sylph,sylph,mnk10,mock_comb_fam1,19,18,16,3,2,0.8421052631578947,0.8888888888888888,0.8648648648648649,0.47578069491131686,0.9510114400114676,0.7618744251001833,subspecies,capped
Sylph,sylph,mnk10,mock_comb_fam2,15,15,14,1,1,0.9333333333333333,0.9333333333333333,0.9333333333333333,0.40858652219544106,0.965798544859706,0.9411764705882352,subspecies,capped
Sylph,sylph,mnk10,mock_comb_fam3,18,19,16,2,3,0.8888888888888888,0.8421052631578947,0.8648648648648649,0.5853497290496567,0.8141339807911334,0.5403645833333333,subspecies,capped
Sylph,sylph,mnk20,mock_comb1,12,16,8,4,8,0.6666666666666666,0.5,0.5714285714285715,0.6651190046461745,0.6134317574610787,0.14269379980212854,subspecies,capped
Sylph,sylph,mnk20,mock_comb2,13,15,11,2,4,0.8461538461538461,0.7333333333333333,0.7857142857142856,0.7299636935527357,0.31790726486366744,0.16419953300453075,subspecies,capped
Sylph,sylph,mnk20,mock_comb3,12,17,11,1,6,0.9166666666666666,0.6470588235294118,0.7586206896551724,0.6370984503822081,0.595856589464668,0.4380300335770781,subspecies,capped
Sylph,sylph,mnk20,mock_comb_fam1,15,18,13,2,5,0.8666666666666667,0.7222222222222222,0.7878787878787877,0.5051670858297942,0.9088651237284286,0.7005470133451012,subspecies,capped
Sylph,sylph,mnk20,mock_comb_fam2,13,15,12,1,3,0.9230769230769231,0.8,0.8571428571428571,0.43552665601767215,0.9471275398809427,0.8820097371744761,subspecies,capped
Sylph,sylph,mnk20,mock_comb_fam3,13,19,13,0,6,1,0.6842105263157895,0.8125000000000001,0.7700757629510915,0.09657926648216304,0.20564092957311447,subspecies,capped
Sylph,sylph,mnk50,mock_comb1,7,16,4,3,12,0.5714285714285714,0.25,0.34782608695652173,0.9097248404236343,-0.3562140651976852,-0.36752803235949666,subspecies,capped
Sylph,sylph,mnk50,mock_comb2,4,15,4,0,11,1,0.26666666666666666,0.4210526315789474,0.8877909897839558,0.4025979100600527,0.4128831340391457,subspecies,capped
Sylph,sylph,mnk50,mock_comb3,7,17,6,1,11,0.8571428571428571,0.35294117647058826,0.5,0.8596950356139775,-0.1591569735732593,0.07398811483571481,subspecies,capped
Sylph,sylph,mnk50,mock_comb_fam1,5,18,5,0,13,1,0.2777777777777778,0.4347826086956522,0.8459004947223044,0.028277423881470948,0.18424840912551305,subspecies,capped
Sylph,sylph,mnk50,mock_comb_fam2,7,15,7,0,8,1,0.4666666666666667,0.6363636363636364,0.6344062996161792,0.5979902803583264,0.449355948338645,subspecies,capped
Sylph,sylph,mnk50,mock_comb_fam3,10,19,10,0,9,1,0.5263157894736842,0.6896551724137931,0.8068666620263168,0.13203047749408242,0.30457448987122676,subspecies,capped
